"cod","unidade","nome","Arabica_area","Canephora_area","area_total","proporcao_Arabica","proporcao_Canephora","yield","FC_m","FC2km","FC500m","PollinatorD","EUdist","ID","Principal"
"2900900","MU","Almadina (BA)",0,100,100,0,1,20.55555556,0.459666667,0.729333333,0.582333333,1,52.87795425,"other municipalities","Canephora"
"2902252","MU","Arataca (BA)",0,1450,1450,0,1,28.45555556,0.882,0.782333333,0.593666667,1,49.26414609,"other municipalities","Canephora"
"2902906","MU","Barra do Choça (BA)",18000,0,18000,1,0,17.66111111,0.175,0.137333333,0.116,0.3,287.7084416,"other municipalities","Arabica"
"2904803","MU","Caatiba (BA)",125,0,125,1,0,10,0.166333333,0.058333333,0.231,0.3,811.4261436,"other municipalities","Arabica"
"2905602","MU","Camacan (BA)",0,826,826,0,1,18.37777778,0.745333333,0.639333333,0.404333333,1,95.95488104,"other municipalities","Canephora"
"2905800","MU","Camamu (BA)",0,180,180,0,1,18.33333333,0.677666667,0.814333333,0.663,1,39.80384766,"other municipalities","Canephora"
"2908002","MU","Coaraci (BA)",0,80,80,0,1,21.45555556,0.529,0.764666667,0.619333333,1,56.43135265,"other municipalities","Canephora"
"2909505","MU","Cravolândia (BA)",180,0,180,1,0,10,0.368333333,0.505,0.517333333,0.3,56.01244044,"other municipalities","Arabica"
"2910008","MU","Dário Meira (BA)",0,35,35,0,1,10.28333333,0.319333333,0.356666667,0.447333333,1,82.49391715,"other municipalities","Canephora"
"2910404","MU","Encruzilhada (BA)",5000,0,5000,1,0,11.99444444,0.137,0.177333333,0.149333333,0.3,194.5011388,"other municipalities","Arabica"
"2910727","MU","Eunápolis (BA)",0,1183,1183,0,1,10,0.221,0.174666667,0.126666667,1,275.1183042,"other municipalities","Canephora"
"2911204","MU","Gandu (BA)",0,68,68,0,1,10.86111111,0.718333333,0.695666667,0.625666667,1,28.77219151,"other municipalities","Canephora"
"2911808","MU","Guaratinga (BA)",0,900,900,0,1,10.93888889,0.190666667,0.239333333,0.21,1,222.309036,"other municipalities","Canephora"
"2912707","MU","Ibirapitanga (BA)",0,100,100,0,1,10.74444444,0.758333333,0.607,0.327333333,1,129.4475839,"other municipalities","Canephora"
"2913507","MU","Iguaí (BA)",300,0,300,1,0,4.722222222,0.207666667,0.226333333,0.281666667,0.3,110.4127463,"other municipalities","Arabica"
"2914653","MU","Itabela (BA)",0,3000,3000,0,1,10,0.270333333,0.176666667,0.145666667,1,212.9393239,"other municipalities","Canephora"
"2915106","MU","Itagi (BA)",45,0,45,1,0,12.44444444,0.458,0.376333333,0.373333333,0.3,48.63330828,"other municipalities","Arabica"
"2915502","MU","Itajuípe (BA)",0,120,120,0,1,16.88888889,0.830666667,0.809,0.615666667,1,48.31205503,"other municipalities","Canephora"
"2915601","MU","Itamaraju (BA)",0,8500,8500,0,1,34,0.23,0.097666667,0.081666667,1,448.7629545,"other municipalities","Canephora"
"2915700","MU","Itamari (BA)",0,60,60,0,1,12.92777778,0.627666667,0.619333333,0.474333333,1,37.56018709,"other municipalities","Canephora"
"2915809","MU","Itambé (BA)",400,0,400,1,0,10,0.138333333,0.073,0.069666667,0.3,359.226421,"other municipalities","Arabica"
"2916005","MU","Itanhém (BA)",0,1280,1280,0,1,13.77777778,0.052666667,0.113333333,0.129,1,393.223856,"other municipalities","Canephora"
"2916708","MU","Itaquara (BA)",240,0,240,1,0,8.955555556,0.208333333,0.204666667,0.151333333,0.3,162.4562378,"other municipalities","Arabica"
"2916906","MU","Itiruçu (BA)",1750,0,1750,1,0,10,0.221666667,0.170666667,0.164,0.3,167.4504164,"other municipalities","Arabica"
"2918209","MU","Jiquiriçá (BA)",0,50,50,0,1,18.31111111,0.55,0.424,0.508333333,1,24.64659845,"other municipalities","Canephora"
"2918308","MU","Jitaúna (BA)",40,0,40,1,0,12.4,0.590666667,0.617,0.462333333,0.3,73.52168242,"other municipalities","Arabica"
"2918456","MU","Jucuruçu (BA)",0,1600,1600,0,1,23.05555556,0.171,0.254,0.158,1,215.2026673,"other municipalities","Canephora"
"2918555","MU","Jussari (BA)",0,130,130,0,1,21.12222222,0.336666667,0.621666667,0.610666667,1,58.69976342,"other municipalities","Canephora"
"2920908","MU","Mascote (BA)",0,152,152,0,1,15.9,0.407333333,0.328,0.192333333,1,189.3845939,"other municipalities","Canephora"
"2921104","MU","Medeiros Neto (BA)",0,70,70,0,1,14.32777778,0.014666667,0.015,0.037333333,1,723.1161008,"other municipalities","Canephora"
"2922706","MU","Nova Canaã (BA)",500,0,500,1,0,4.883333333,0.112,0.351666667,0.487333333,0.3,78.53528574,"other municipalities","Arabica"
"2925758","MU","Presidente Tancredo Neves (BA)",0,150,150,0,1,16.12777778,0.601666667,0.645666667,0.568,1,26.86127385,"other municipalities","Canephora"
"2926657","MU","Ribeirão do Largo (BA)",2500,0,2500,1,0,11.11111111,0.192,0.297666667,0.253666667,0.3,136.2703188,"other municipalities","Arabica"
"2927903","MU","Santa Inês (BA)",17,0,17,1,0,10.00555556,0.352333333,0.488666667,0.415,0.3,97.1399067,"other municipalities","Arabica"
"2928059","MU","Santa Luzia (BA)",0,350,350,0,1,22.88888889,0.627,0.551666667,0.428333333,1,95.64200726,"other municipalities","Canephora"
"2931350","MU","Teixeira de Freitas (BA)",0,1000,1000,0,1,13.11111111,0.065666667,0.146,0.089666667,1,487.0553989,"other municipalities","Canephora"
"2932101","MU","Ubaíra (BA)",786,0,786,1,0,9.661111111,0.511333333,0.457333333,0.480333333,0.3,39.48449432,"other municipalities","Arabica"
"2933257","MU","Vereda (BA)",0,0,0,NA,NA,12.93888889,0.104666667,0.136333333,0.080333333,1,328.6748755,"other municipalities",NA
"2933505","MU","Wenceslau Guimarães (BA)",0,380,380,0,1,8.016666667,0.674,0.630333333,0.635666667,1,21.58939675,"other municipalities","Canephora"
"3100302","MU","Abre Campo (MG)",5280,0,5280,1,0,18,0.197666667,0.23,0.205,0.3,119.1863086,"other municipalities","Arabica"
"3100500","MU","Açucena (MG)",50,0,50,1,0,17.85,0.338,0.400666667,0.679666667,0.3,8.753558835,"other municipalities","Arabica"
"3101003","MU","Águas Vermelhas (MG)",185,0,185,1,0,22.52222222,0.188666667,0.044333333,0.078333333,0.3,417.1443052,"other municipalities","Arabica"
"3101102","MU","Aimorés (MG)",412,1605,2017,0.20426375805652,0.79573624194348,24.83888889,0.076,0.104,0.136666667,0.712,363.2119736,"other municipalities","Canephora"
"3101409","MU","Albertina (MG)",1500,0,1500,1,0,18.66666667,0.233,0.215,0.206666667,0.3,109.847304,"other municipalities","Arabica"
"3101607","MU","Alfenas (MG)",10900,0,10900,1,0,27,0.047,0.053666667,0.060333333,0.3,311.1056441,"other municipalities","Arabica"
"3101706","MU","Almenara (MG)",480,0,480,1,0,11.94444444,0.261333333,0.440333333,0.324666667,0.3,209.2917513,"other municipalities","Arabica"
"3102001","MU","Alterosa (MG)",3530,0,3530,1,0,22.26666667,0.061,0.062,0.062666667,0.3,266.0798466,"study area","Arabica"
"3102050","MU","Alto Caparaó (MG)",3900,0,3900,1,0,27.33333333,0.424,0.413,0.402333333,0.3,54.8662616,"other municipalities","Arabica"
"3102209","MU","Alvarenga (MG)",840,12,852,0.985915492957746,0.0140845070422535,15.89444444,0.173666667,0.206333333,0.237,0.323,92.81816591,"other municipalities","Arabica"
"3102506","MU","Amparo do Serra (MG)",230,0,230,1,0,16.66666667,0.217333333,0.212333333,0.173,0.3,150.3904848,"other municipalities","Arabica"
"3102605","MU","Andradas (MG)",7770,0,7770,1,0,27.16666667,0.149666667,0.146666667,0.140666667,0.3,164.9765993,"study area","Arabica"
"3102704","MU","Cachoeira de Pajeú (MG)",10,3,13,0.769230769230769,0.230769230769231,10.25,0.325333333,0.113333333,0.105333333,0.562,223.9380022,"other municipalities","Arabica"
"3102803","MU","Andrelândia (MG)",253,0,253,1,0,15.01666667,0.093,0.081666667,0.055,0.3,485.5241691,"other municipalities","Arabica"
"3103009","MU","Antônio Dias (MG)",80,0,80,1,0,18.37222222,0.530666667,0.645,0.487666667,0.3,93.50431256,"other municipalities","Arabica"
"3103108","MU","Antônio Prado de Minas (MG)",105,0,105,1,0,11.88333333,0.169,0.190666667,0.181666667,0.3,165.4929544,"other municipalities","Arabica"
"3103702","MU","Araponga (MG)",4470,0,4470,1,0,21.33333333,0.399666667,0.329333333,0.274333333,0.3,98.27767384,"other municipalities","Arabica"
"3104304","MU","Areado (MG)",2718,0,2718,1,0,28.7,0.047,0.071333333,0.084,0.3,250.2072618,"other municipalities","Arabica"
"3104601","MU","Astolfo Dutra (MG)",180,0,180,1,0,16.91111111,0.078666667,0.097333333,0.058,0.3,225.3595674,"other municipalities","Arabica"
"3104700","MU","Ataléia (MG)",65,0,65,1,0,12.01666667,0.046666667,0.08,0.126333333,0.3,290.0260129,"other municipalities","Arabica"
"3104908","MU","Baependi (MG)",1522,0,1522,1,0,20.66666667,0.171333333,0.132666667,0.157,0.3,187.2189174,"study area","Arabica"
"3105301","MU","Bandeira do Sul (MG)",450,0,450,1,0,20.33333333,0.126333333,0.148333333,0.178666667,0.3,106.5007642,"other municipalities","Arabica"
"3106408","MU","Belo Vale (MG)",70,0,70,1,0,7.144444444,0.122333333,0.107333333,0.031333333,0.3,301.8135871,"other municipalities","Arabica"
"3107604","MU","Bom Jesus da Penha (MG)",1935,0,1935,1,0,36.23333333,0.134333333,0.130333333,0.141,0.3,153.7545604,"study area","Arabica"
"3107802","MU","Bom Jesus do Galho (MG)",2000,0,2000,1,0,13.66666667,0.301666667,0.248333333,0.269666667,0.3,69.36728906,"other municipalities","Arabica"
"3108008","MU","Bom Sucesso (MG)",3000,0,3000,1,0,20.33333333,0.1,0.11,0.106666667,0.3,249.2671375,"other municipalities","Arabica"
"3108305","MU","Borda da Mata (MG)",750,0,750,1,0,18.66666667,0.096333333,0.114333333,0.106333333,0.3,185.1776737,"other municipalities","Arabica"
"3108404","MU","Botelhos (MG)",6300,0,6300,1,0,19.75,0.107,0.121333333,0.119,0.3,162.6095467,"study area","Arabica"
"3108701","MU","Brás Pires (MG)",0,0,0,NA,NA,14.16666667,0.275,0.2715,0.2585,0.3,126.078791,"other municipalities",NA
"3108909","MU","Brazópolis (MG)",1260,0,1260,1,0,21.66666667,0.137,0.103333333,0.106333333,0.3,242.0657141,"other municipalities","Arabica"
"3109105","MU","Bueno Brandão (MG)",1800,0,1800,1,0,20.66666667,0.085333333,0.102333333,0.083,0.3,191.2505801,"study area","Arabica"
"3109501","MU","Cabo Verde (MG)",8090,0,8090,1,0,32.83333333,0.11,0.136333333,0.144666667,0.3,138.6495048,"study area","Arabica"
"3109709","MU","Cachoeira de Minas (MG)",1390,0,1390,1,0,24,0.066333333,0.094666667,0.13,0.3,160.7972118,"study area","Arabica"
"3110103","MU","Caiana (MG)",2800,0,2800,1,0,18.66666667,0.239666667,0.238,0.211333333,0.3,108.8937559,"other municipalities","Arabica"
"3110202","MU","Cajuri (MG)",850,0,850,1,0,17.66666667,0.224,0.216666667,0.212666667,0.3,119.9057149,"other municipalities","Arabica"
"3110301","MU","Caldas (MG)",650,0,650,1,0,23.33333333,0.131,0.134,0.124,0.3,191.8554901,"other municipalities","Arabica"
"3110400","MU","Camacho (MG)",1355,0,1355,1,0,22,0.161,0.177333333,0.172,0.3,131.2552858,"other municipalities","Arabica"
"3110707","MU","Cambuquira (MG)",5500,0,5500,1,0,19.02777778,0.095,0.090666667,0.085666667,0.3,227.7106,"study area","Arabica"
"3110905","MU","Campanha (MG)",4525,0,4525,1,0,19.33333333,0.080333333,0.087333333,0.074333333,0.3,232.3376566,"study area","Arabica"
"3111002","MU","Campestre (MG)",9975,0,9975,1,0,19.77777778,0.096666667,0.103666667,0.109,0.3,170.9205168,"study area","Arabica"
"3111200","MU","Campo Belo (MG)",3850,0,3850,1,0,16.66666667,0.088,0.088333333,0.086333333,0.3,227.5634361,"other municipalities","Arabica"
"3111705","MU","Canaã (MG)",1915,0,1915,1,0,21,0.203333333,0.226333333,0.201,0.3,133.0767866,"other municipalities","Arabica"
"3111903","MU","Cana Verde (MG)",1200,0,1200,1,0,23.66666667,0.065333333,0.053666667,0.054,0.3,293.5350659,"other municipalities","Arabica"
"3112109","MU","Caparaó (MG)",3750,0,3750,1,0,20,0.372666667,0.354333333,0.311,0.3,80.71308505,"other municipalities","Arabica"
"3112208","MU","Capela Nova (MG)",250,0,250,1,0,29.11111111,0.206,0.173333333,0.247,0.3,109.5502539,"other municipalities","Arabica"
"3112901","MU","Caputira (MG)",4900,0,4900,1,0,19.66666667,0.273666667,0.27,0.267,0.3,76.68296746,"other municipalities","Arabica"
"3113008","MU","Caraí (MG)",1800,0,1800,1,0,14,0.355666667,0.435666667,0.38,0.3,81.31105399,"other municipalities","Arabica"
"3113305","MU","Carangola (MG)",4160,0,4160,1,0,18.33333333,0.244666667,0.255666667,0.225666667,0.3,124.3619077,"other municipalities","Arabica"
"3113404","MU","Caratinga (MG)",8300,0,8300,1,0,18.66666667,0.281333333,0.270333333,0.296,0.3,61.90621613,"other municipalities","Arabica"
"3113602","MU","Careaçu (MG)",1140,0,1140,1,0,22.66666667,0.073666667,0.091666667,0.095,0.3,207.2432143,"study area","Arabica"
"3113909","MU","Carmo da Cachoeira (MG)",10300,0,10300,1,0,21.66666667,0.090666667,0.093,0.085,0.3,225.4209051,"study area","Arabica"
"3114105","MU","Carmo de Minas (MG)",4445,0,4445,1,0,25,0.157333333,0.196666667,0.208666667,0.3,126.8389708,"study area","Arabica"
"3114501","MU","Carmópolis de Minas (MG)",294,0,294,1,0,32.65555556,0.143333333,0.117666667,0.107666667,0.3,202.8400116,"other municipalities","Arabica"
"3114600","MU","Carrancas (MG)",60,0,60,1,0,29.25555556,0.081,0.058,0.090333333,0.3,225.6961734,"other municipalities","Arabica"
"3114709","MU","Carvalhópolis (MG)",1753,0,1753,1,0,22.66666667,0.107,0.108333333,0.106,0.3,169.320962,"other municipalities","Arabica"
"3114907","MU","Casa Grande (MG)",65,0,65,1,0,20.68888889,0.111333333,0.086,0.084,0.3,180.0210354,"other municipalities","Arabica"
"3115201","MU","Conceição da Barra de Minas (MG)",221,0,221,1,0,33.13888889,0.060333333,0.063,0.068,0.3,249.0336943,"other municipalities","Arabica"
"3115458","MU","Catuji (MG)",650,0,650,1,0,11.66666667,0.399666667,0.409,0.343666667,0.3,78.49957698,"other municipalities","Arabica"
"3115508","MU","Caxambu (MG)",200,0,200,1,0,21,0.101333333,0.096666667,0.112,0.3,203.9954114,"other municipalities","Arabica"
"3115706","MU","Central de Minas (MG)",105,45,150,0.7,0.3,7.705555556,0.023666667,0.028,0.028333333,0.524,650.2292518,"other municipalities","Arabica"
"3116001","MU","Chalé (MG)",2425,0,2425,1,0,21.33333333,0.255666667,0.293333333,0.279,0.3,88.63257886,"other municipalities","Arabica"
"3116704","MU","Coimbra (MG)",460,0,460,1,0,25.38888889,0.169666667,0.171666667,0.17,0.3,141.4980613,"other municipalities","Arabica"
"3116803","MU","Coluna (MG)",35,0,35,1,0,11.74444444,0.379,0.312666667,0.275,0.3,80.16436577,"other municipalities","Arabica"
"3117009","MU","Comercinho (MG)",35,5,40,0.875,0.125,9.777777778,0.21,0.245,0.284666667,0.4,190.1140667,"other municipalities","Arabica"
"3117108","MU","Conceição da Aparecida (MG)",6176,0,6176,1,0,28.23333333,0.074,0.070666667,0.069333333,0.3,254.5969134,"study area","Arabica"
"3117207","MU","Conceição das Pedras (MG)",1831,0,1831,1,0,22.66666667,0.212666667,0.173,0.141333333,0.3,163.619663,"other municipalities","Arabica"
"3117405","MU","Conceição de Ipanema (MG)",685,0,685,1,0,19.33333333,0.193,0.267,0.298333333,0.3,72.77704279,"other municipalities","Arabica"
"3117702","MU","Conceição do Rio Verde (MG)",4335,0,4335,1,0,18.66666667,0.084333333,0.082,0.085,0.3,236.3391504,"study area","Arabica"
"3117801","MU","Conceição dos Ouros (MG)",250,0,250,1,0,20.11111111,0.150666667,0.142666667,0.159,0.3,174.4514921,"other municipalities","Arabica"
"3117900","MU","Congonhal (MG)",280,0,280,1,0,22.33888889,0.100333333,0.093333333,0.094,0.3,289.9968836,"other municipalities","Arabica"
"3118403","MU","Conselheiro Pena (MG)",5380,220,5600,0.960714285714286,0.0392857142857143,22.31666667,0.089666667,0.149666667,0.163,0.328,198.6114254,"other municipalities","Arabica"
"3118700","MU","Coqueiral (MG)",7400,0,7400,1,0,18.33333333,0.051,0.051666667,0.052,0.3,332.8911715,"study area","Arabica"
"3119005","MU","Cordislândia (MG)",2140,0,2140,1,0,19,0.063666667,0.066666667,0.075666667,0.3,262.6019389,"study area","Arabica"
"3119203","MU","Coroaci (MG)",234,0,234,1,0,13.91111111,0.310333333,0.309333333,0.396333333,0.444,45.02173505,"other municipalities","Arabica"
"3120508","MU","Cristina (MG)",1195,0,1195,1,0,22.66666667,0.168333333,0.174666667,0.178666667,0.3,134.5385205,"study area","Arabica"
"3120805","MU","Cruzília (MG)",330,0,330,1,0,16.66666667,0.099,0.051666667,0.063333333,0.3,265.30158,"other municipalities","Arabica"
"3120839","MU","Cuparaque (MG)",428,0,428,1,0,17.9,0.034,0.082333333,0.099,0.3,264.6848706,"other municipalities","Arabica"
"3121407","MU","Desterro de Entre Rios (MG)",35,0,35,1,0,9.838888889,0.082333333,0.119,0.096,0.3,187.7338188,"other municipalities","Arabica"
"3121704","MU","Diogo de Vasconcelos (MG)",0,0,0,NA,NA,10,0.262,0.309,0.403,0.3,78.50714309,"other municipalities",NA
"3121803","MU","Dionísio (MG)",95,0,95,1,0,13.33333333,0.438666667,0.381666667,0.409333333,0.3,43.30104955,"other municipalities","Arabica"
"3121902","MU","Divinésia (MG)",90,0,90,1,0,15,0.206666667,0.242,0.243333333,0.3,132.7130303,"other municipalities","Arabica"
"3122009","MU","Divino (MG)",10500,0,10500,1,0,22.66666667,0.238,0.238666667,0.222666667,0.3,106.0213835,"other municipalities","Arabica"
"3122405","MU","Divisa Nova (MG)",1406,0,1406,1,0,26.66666667,0.076666667,0.108666667,0.099,0.3,195.4301212,"other municipalities","Arabica"
"3122454","MU","Divisópolis (MG)",1900,0,1900,1,0,23.66666667,0.303666667,0.291333333,0.175666667,0.3,203.9063319,"other municipalities","Arabica"
"3122504","MU","Dom Cavati (MG)",90,0,90,1,0,20,0.078333333,0.096,0.083333333,0.3,149.9249499,"other municipalities","Arabica"
"3122801","MU","Dom Viçoso (MG)",294,0,294,1,0,20.01111111,0.169333333,0.097333333,0.097,0.3,146.3962728,"other municipalities","Arabica"
"3123106","MU","Dores de Guanhães (MG)",30,0,30,1,0,10.55555556,0.356666667,0.392,0.485666667,0.3,31.20228514,"other municipalities","Arabica"
"3123304","MU","Dores do Turvo (MG)",50,0,50,1,0,22.01111111,0.176666667,0.194666667,0.169333333,0.3,145.9473755,"other municipalities","Arabica"
"3123528","MU","Durandé (MG)",5300,0,5300,1,0,27.66111111,0.353,0.345666667,0.346,0.3,65.74650918,"other municipalities","Arabica"
"3123601","MU","Elói Mendes (MG)",9300,0,9300,1,0,20,0.040666667,0.033666667,0.039666667,0.3,356.4205774,"study area","Arabica"
"3123858","MU","Entre Folhas (MG)",300,0,300,1,0,16.66666667,0.192,0.201666667,0.216,0.3,83.15122314,"other municipalities","Arabica"
"3123908","MU","Entre Rios de Minas (MG)",310,0,310,1,0,26.45555556,0.115,0.123666667,0.122,0.3,172.6911213,"other municipalities","Arabica"
"3124005","MU","Ervália (MG)",5300,0,5300,1,0,25,0.256333333,0.222666667,0.176333333,0.3,138.8931786,"other municipalities","Arabica"
"3124203","MU","Espera Feliz (MG)",9680,0,9680,1,0,26.33333333,0.331,0.306666667,0.270666667,0.3,98.26782028,"other municipalities","Arabica"
"3124401","MU","Espírito Santo do Dourado (MG)",1400,0,1400,1,0,19,0.111,0.096,0.072333333,0.3,231.0597287,"other municipalities","Arabica"
"3124906","MU","Eugenópolis (MG)",1650,0,1650,1,0,24.47222222,0.196,0.269,0.216666667,0.3,141.3708222,"other municipalities","Arabica"
"3125200","MU","Fama (MG)",1200,0,1200,1,0,23.33333333,0.037,0.041333333,0.039666667,0.3,374.9230372,"other municipalities","Arabica"
"3125309","MU","Faria Lemos (MG)",930,0,930,1,0,17.66666667,0.255666667,0.260666667,0.182,0.3,169.7136061,"other municipalities","Arabica"
"3125903","MU","Ferros (MG)",180,0,180,1,0,16.01111111,0.422,0.577333333,0.350333333,0.3,101.4871678,"other municipalities","Arabica"
"3125952","MU","Fervedouro (MG)",4500,0,4500,1,0,20.66666667,0.314666667,0.259,0.249666667,0.3,84.19029107,"other municipalities","Arabica"
"3126307","MU","Fortaleza de Minas (MG)",800,0,800,1,0,21,0.241333333,0.273333333,0.240666667,0.3,93.73156473,"study area","Arabica"
"3126752","MU","Franciscópolis (MG)",300,0,300,1,0,13.33333333,0.155333333,0.129333333,0.160666667,0.3,133.6728494,"other municipalities","Arabica"
"3126802","MU","Frei Gaspar (MG)",250,0,250,1,0,14.32222222,0.220666667,0.212,0.190333333,0.3,95.92081769,"other municipalities","Arabica"
"3127503","MU","Gonzaga (MG)",20,0,20,1,0,12.28333333,0.351333333,0.37,0.464,0.3,78.13914312,"other municipalities","Arabica"
"3128204","MU","Guaraciaba (MG)",155,0,155,1,0,18.63333333,0.350333333,0.378,0.318,0.3,99.20706054,"other municipalities","Arabica"
"3128303","MU","Guaranésia (MG)",3883,0,3883,1,0,25,0.113666667,0.116,0.101666667,0.3,201.1379995,"study area","Arabica"
"3128402","MU","Guarani (MG)",50,0,50,1,0,16,0.108666667,0.101333333,0.079333333,0.3,265.7542625,"other municipalities","Arabica"
"3128709","MU","Guaxupé (MG)",5299,0,5299,1,0,21.66666667,0.173,0.185666667,0.163333333,0.3,169.0983803,"study area","Arabica"
"3129004","MU","Guiricema (MG)",450,0,450,1,0,24.68888889,0.070333333,0.164666667,0.151333333,0.3,171.4173766,"other municipalities","Arabica"
"3129202","MU","Heliodora (MG)",3445,0,3445,1,0,20.33333333,0.144666667,0.158666667,0.162,0.3,154.1351939,"study area","Arabica"
"3129301","MU","Iapu (MG)",60,0,60,1,0,18.88888889,0.153,0.135333333,0.141666667,0.3,227.8355356,"other municipalities","Arabica"
"3129905","MU","Ibitiúra de Minas (MG)",1400,0,1400,1,0,26.33333333,0.106333333,0.102666667,0.097666667,0.3,181.3945009,"other municipalities","Arabica"
"3130002","MU","Ibituruna (MG)",850,0,850,1,0,18.66666667,0.093666667,0.077333333,0.082666667,0.3,236.0657864,"other municipalities","Arabica"
"3130408","MU","Ijaci (MG)",500,0,500,1,0,19.66666667,0.036333333,0.029333333,0.028,0.3,466.376356,"other municipalities","Arabica"
"3130556","MU","Imbé de Minas (MG)",2950,0,2950,1,0,18.66666667,0.201666667,0.241,0.240666667,0.3,79.74098322,"other municipalities","Arabica"
"3130606","MU","Inconfidentes (MG)",990,0,990,1,0,22.77777778,0.092666667,0.093333333,0.073,0.3,210.2079033,"other municipalities","Arabica"
"3130804","MU","Ingaí (MG)",520,0,520,1,0,24.33888889,0.098666667,0.083,0.08,0.3,244.5896848,"other municipalities","Arabica"
"3130903","MU","Inhapim (MG)",2110,0,2110,1,0,26.66666667,0.150666667,0.170333333,0.194333333,0.3,122.0675009,"other municipalities","Arabica"
"3131208","MU","Ipanema (MG)",33,340,373,0.0884718498659517,0.911528150134048,18.80555556,0.188333333,0.195333333,0.306666667,0.967,113.6577151,"other municipalities","Canephora"
"3131802","MU","Itabirinha (MG)",150,150,300,0.5,0.5,20,0.043333333,0.052333333,0.051666667,0.672,341.084453,"other municipalities","Canephora"
"3132305","MU","Itaipé (MG)",3050,0,3050,1,0,15.33333333,0.437666667,0.500333333,0.427333333,0.3,69.19183139,"other municipalities","Arabica"
"3132404","MU","Itajubá (MG)",53,0,53,1,0,15.06666667,0.173333333,0.071333333,0.047666667,0.3,274.5538694,"other municipalities","Arabica"
"3132602","MU","Itamarati de Minas (MG)",150,0,150,1,0,16.66666667,0.224333333,0.213,0.182,0.3,175.2231281,"other municipalities","Arabica"
"3132701","MU","Itambacuri (MG)",90,0,90,1,0,16.66666667,0.152,0.372,0.340333333,0.3,80.54789027,"other municipalities","Arabica"
"3133204","MU","Itanhomi (MG)",275,0,275,1,0,20.83888889,0.033333333,0.058,0.076333333,0.3,401.0512916,"other municipalities","Arabica"
"3133907","MU","Itaverava (MG)",40,0,40,1,0,8.611111111,0.297,0.220666667,0.188666667,0.3,139.6829015,"other municipalities","Arabica"
"3134103","MU","Itueta (MG)",1040,530,1570,0.662420382165605,0.337579617834395,20.71111111,0.097666667,0.121666667,0.128,0.594,224.6161772,"other municipalities","Arabica"
"3134301","MU","Itumirim (MG)",303,0,303,1,0,20.33888889,0.046,0.047333333,0.040333333,0.3,245.9758216,"other municipalities","Arabica"
"3134509","MU","Itutinga (MG)",120,0,120,1,0,19.32777778,0.055666667,0.070333333,0.064333333,0.3,219.2168408,"other municipalities","Arabica"
"3134905","MU","Jacutinga (MG)",3475,0,3475,1,0,24.66666667,0.18,0.199,0.173666667,0.3,122.5993404,"study area","Arabica"
"3135506","MU","Jequeri (MG)",3000,0,3000,1,0,30.33333333,0.209666667,0.220666667,0.187666667,0.3,141.3874023,"other municipalities","Arabica"
"3135803","MU","Jequitinhonha (MG)",20,0,20,1,0,15,0.406666667,0.492,0.408,0.3,145.9300421,"other municipalities","Arabica"
"3135902","MU","Jesuânia (MG)",1570,0,1570,1,0,22,0.105666667,0.137,0.139666667,0.3,172.9738692,"study area","Arabica"
"3136553","MU","José Raydan (MG)",30,0,30,1,0,11.66666667,0.167666667,0.185,0.199,0.3,80.12703348,"other municipalities","Arabica"
"3136702","MU","Juiz de Fora (MG)",15,0,15,1,0,11.47777778,0.185666667,0.188333333,0.143333333,0.3,190.1380877,"other municipalities","Arabica"
"3136900","MU","Juruaia (MG)",4790,0,4790,1,0,27.80555556,0.136333333,0.167666667,0.177333333,0.3,117.2620441,"study area","Arabica"
"3137007","MU","Ladainha (MG)",450,0,450,1,0,15.16666667,0.478333333,0.424,0.388,0.3,53.22842321,"other municipalities","Arabica"
"3137403","MU","Lagoa Dourada (MG)",110,0,110,1,0,25,0.122,0.133333333,0.126,0.3,163.3530169,"other municipalities","Arabica"
"3137700","MU","Lajinha (MG)",9080,0,9080,1,0,21.66666667,0.310333333,0.300333333,0.285,0.3,80.17830293,"other municipalities","Arabica"
"3137809","MU","Lambari (MG)",6547,0,6547,1,0,20,0.165666667,0.166,0.14,0.3,161.4212201,"other municipalities","Arabica"
"3138203","MU","Lavras (MG)",4400,0,4400,1,0,20,0.043666667,0.045666667,0.045333333,0.3,301.7978651,"other municipalities","Arabica"
"3138674","MU","Luisburgo (MG)",6530,0,6530,1,0,23,0.373666667,0.382666667,0.337666667,0.3,72.87533355,"other municipalities","Arabica"
"3138708","MU","Luminárias (MG)",1500,0,1500,1,0,17.33333333,0.107,0.103666667,0.094666667,0.3,191.9831464,"other municipalities","Arabica"
"3139003","MU","Machado (MG)",13357,0,13357,1,0,23.83333333,0.104333333,0.114333333,0.1,0.3,199.0310525,"other municipalities","Arabica"
"3139201","MU","Malacacheta (MG)",1100,0,1100,1,0,20.66666667,0.271333333,0.329,0.293,0.3,97.8038204,"other municipalities","Arabica"
"3139409","MU","Manhuaçu (MG)",18150,0,18150,1,0,22.66666667,0.360666667,0.357666667,0.318,0.3,76.88795618,"other municipalities","Arabica"
"3139508","MU","Manhumirim (MG)",6130,0,6130,1,0,27.66666667,0.4,0.4,0.352666667,0.3,74.50628459,"other municipalities","Arabica"
"3139607","MU","Mantena (MG)",3650,3650,7300,0.5,0.5,8.988888889,0.073,0.082666667,0.096666667,0.68,286.8595178,"other municipalities","Canephora"
"3139904","MU","Maria da Fé (MG)",83,0,83,1,0,15,0.189,0.145333333,0.135333333,0.3,156.8821139,"other municipalities","Arabica"
"3140001","MU","Mariana (MG)",30,0,30,1,0,28.6,0.474,0.442666667,0.416,0.3,38.39924464,"other municipalities","Arabica"
"3140530","MU","Martins Soares (MG)",3000,0,3000,1,0,40.44444444,0.327333333,0.341,0.322333333,0.3,65.64772489,"other municipalities","Arabica"
"3140555","MU","Mata Verde (MG)",523,0,523,1,0,20.66111111,0.128,0.134666667,0.126666667,0.3,162.7105709,"other municipalities","Arabica"
"3140803","MU","Matias Barbosa (MG)",20,0,20,1,0,6.25,0.2595,0.1345,0.2195,0.3,149.5269408,"other municipalities","Arabica"
"3140902","MU","Matipó (MG)",5850,0,5850,1,0,21,0.217,0.215,0.209666667,0.3,107.1386193,"other municipalities","Arabica"
"3141405","MU","Medina (MG)",7,0,7,1,0,8.45,0.316333333,0.426333333,0.459666667,0.3,95.3942735,"other municipalities","Arabica"
"3141504","MU","Mendes Pimentel (MG)",50,50,100,0.5,0.5,15,0.018666667,0.023666667,0.042333333,0.7,568.7945634,"other municipalities","Canephora"
"3142106","MU","Miradouro (MG)",2200,0,2200,1,0,30.44444444,0.229333333,0.227333333,0.23,0.3,92.69537077,"other municipalities","Arabica"
"3142205","MU","Miraí (MG)",655,0,655,1,0,19,0.116666667,0.137333333,0.118333333,0.3,215.3195559,"other municipalities","Arabica"
"3142601","MU","Monsenhor Paulo (MG)",4080,0,4080,1,0,20,0.054666667,0.054333333,0.058,0.3,294.5925957,"other municipalities","Arabica"
"3143005","MU","Monte Belo (MG)",3740,0,3740,1,0,21.16666667,0.078333333,0.082,0.082666667,0.3,207.7123675,"study area","Arabica"
"3143153","MU","Monte Formoso (MG)",160,0,160,1,0,7.5,0.382,0.404666667,0.197333333,0.3,150.5768862,"other municipalities","Arabica"
"3143401","MU","Monte Sião (MG)",3400,0,3400,1,0,16.66666667,0.099666667,0.12,0.112,0.3,204.7776903,"study area","Arabica"
"3143906","MU","Muriaé (MG)",1700,0,1700,1,0,22,0.136,0.211333333,0.193333333,0.3,152.7166635,"other municipalities","Arabica"
"3144003","MU","Mutum (MG)",7783,639,8422,0.924127285680361,0.075872714319639,24.05555556,0.171333333,0.239,0.279333333,0.354,106.9256143,"other municipalities","Arabica"
"3144102","MU","Muzambinho (MG)",7097,0,7097,1,0,21.2,0.075666667,0.088,0.085,0.3,197.1023661,"other municipalities","Arabica"
"3144409","MU","Natércia (MG)",2000,0,2000,1,0,24,0.141333333,0.131,0.105666667,0.3,228.5904494,"study area","Arabica"
"3144508","MU","Nazareno (MG)",1520,0,1520,1,0,25,0.075333333,0.095333333,0.097666667,0.3,209.2992655,"other municipalities","Arabica"
"3144607","MU","Nepomuceno (MG)",15375,0,15375,1,0,26.33333333,0.068,0.070666667,0.065,0.3,253.88831,"other municipalities","Arabica"
"3144672","MU","Nova Belém (MG)",3500,1500,5000,0.7,0.3,14.40555556,0.127666667,0.127,0.112333333,0.5,181.3839722,"other municipalities","Arabica"
"3145109","MU","Nova Resende (MG)",9655,0,9655,1,0,36.3,0.104666667,0.107333333,0.106666667,0.3,173.9119714,"study area","Arabica"
"3145307","MU","Novo Cruzeiro (MG)",4050,0,4050,1,0,13.33333333,0.299,0.362,0.284,0.3,124.791822,"other municipalities","Arabica"
"3145505","MU","Olímpio Noronha (MG)",1200,0,1200,1,0,18,0.153333333,0.207333333,0.195333333,0.3,138.6576137,"other municipalities","Arabica"
"3145604","MU","Oliveira (MG)",5000,0,5000,1,0,23.33333333,0.119,0.161,0.156,0.3,141.7868377,"other municipalities","Arabica"
"3145877","MU","Orizânia (MG)",2600,0,2600,1,0,23.66666667,0.266333333,0.267,0.227333333,0.3,108.4562998,"other municipalities","Arabica"
"3146008","MU","Ouro Fino (MG)",5240,0,5240,1,0,23,0.122666667,0.141333333,0.139333333,0.3,148.5391121,"study area","Arabica"
"3146107","MU","Ouro Preto (MG)",35,0,35,1,0,20,0.411,0.445333333,0.196,0.3,178.4392526,"other municipalities","Arabica"
"3146206","MU","Ouro Verde de Minas (MG)",100,0,100,1,0,13,0.131666667,0.131,0.154666667,0.3,160.5656915,"other municipalities","Arabica"
"3146305","MU","Padre Paraíso (MG)",300,0,300,1,0,13.00555556,0.41,0.54,0.239333333,0.3,37.96057388,"other municipalities","Arabica"
"3147204","MU","Paraguaçu (MG)",8275,0,8275,1,0,20.33333333,0.069666667,0.067666667,0.067333333,0.3,341.9814024,"other municipalities","Arabica"
"3147303","MU","Paraisópolis (MG)",185,0,185,1,0,17.65,0.103666667,0.131,0.113,0.3,118.6651347,"other municipalities","Arabica"
"3147709","MU","Passa Tempo (MG)",240,0,240,1,0,30,0.136,0.103,0.102666667,0.3,155.2542154,"other municipalities","Arabica"
"3148301","MU","Paula Cândido (MG)",1500,0,1500,1,0,22.66666667,0.314666667,0.300333333,0.269333333,0.3,121.3202944,"other municipalities","Arabica"
"3148608","MU","Peçanha (MG)",80,0,80,1,0,11.66666667,0.326,0.323666667,0.348666667,0.3,100.7739721,"other municipalities","Arabica"
"3148707","MU","Pedra Azul (MG)",220,0,220,1,0,15,0.340666667,0.22,0.159333333,0.3,226.7634508,"other municipalities","Arabica"
"3148756","MU","Pedra Bonita (MG)",4100,0,4100,1,0,17.33333333,0.276666667,0.268666667,0.232,0.3,101.9861116,"other municipalities","Arabica"
"3148806","MU","Pedra do Anta (MG)",350,0,350,1,0,20,0.171,0.215333333,0.214,0.3,126.9328576,"other municipalities","Arabica"
"3149002","MU","Pedra Dourada (MG)",1250,0,1250,1,0,18.44444444,0.322333333,0.279666667,0.195666667,0.3,146.7373579,"other municipalities","Arabica"
"3149101","MU","Pedralva (MG)",3215,0,3215,1,0,26.66666667,0.152,0.158,0.146333333,0.3,140.8859954,"study area","Arabica"
"3149903","MU","Perdões (MG)",3540,0,3540,1,0,25.33333333,0.036333333,0.042,0.044666667,0.3,326.4856234,"other municipalities","Arabica"
"3150158","MU","Piedade de Caratinga (MG)",2090,0,2090,1,0,20,0.332,0.335,0.358666667,0.3,50.09990227,"other municipalities","Arabica"
"3150604","MU","Piracema (MG)",370,0,370,1,0,22.32777778,0.084,0.08,0.078333333,0.3,236.1643923,"other municipalities","Arabica"
"3150802","MU","Piranga (MG)",210,0,210,1,0,18.33888889,0.387666667,0.316666667,0.328333333,0.3,69.81261919,"other municipalities","Arabica"
"3150901","MU","Piranguçu (MG)",40,0,40,1,0,18.88888889,0.277,0.371,0.268666667,0.3,50.74707236,"other municipalities","Arabica"
"3151008","MU","Piranguinho (MG)",750,0,750,1,0,18,0.061333333,0.064333333,0.079333333,0.3,207.8096993,"other municipalities","Arabica"
"3151107","MU","Pirapetinga (MG)",0,65,65,0,1,40.52777778,0.041,0.073,0.051,1,357.4337797,"other municipalities","Canephora"
"3151701","MU","Poço Fundo (MG)",6458,0,6458,1,0,21,0.114333333,0.111333333,0.117,0.3,161.9081633,"study area","Arabica"
"3151800","MU","Poços de Caldas (MG)",4000,0,4000,1,0,21,0.174,0.19,0.171666667,0.3,142.1527787,"study area","Arabica"
"3151909","MU","Pocrane (MG)",24,292,316,0.0759493670886076,0.924050632911392,36.57777778,0.112333333,0.120666667,0.115333333,0.821,250.2385751,"other municipalities","Canephora"
"3152105","MU","Ponte Nova (MG)",1500,0,1500,1,0,23.66666667,0.225666667,0.217333333,0.212,0.3,136.6729803,"other municipalities","Arabica"
"3152170","MU","Ponto dos Volantes (MG)",160,0,160,1,0,9.444444444,0.381,0.243333333,0.238333333,0.3,162.1350597,"other municipalities","Arabica"
"3152303","MU","Porto Firme (MG)",930,0,930,1,0,17.33333333,0.375666667,0.410666667,0.388666667,0.3,83.1877786,"other municipalities","Arabica"
"3152402","MU","Poté (MG)",60,0,60,1,0,11.66666667,0.316,0.233,0.183333333,0.3,126.3564289,"other municipalities","Arabica"
"3152501","MU","Pouso Alegre (MG)",120,0,120,1,0,19.03333333,0.061666667,0.075666667,0.101333333,0.3,258.8694296,"other municipalities","Arabica"
"3152600","MU","Pouso Alto (MG)",110,0,110,1,0,17.32222222,0.143,0.111333333,0.183666667,0.3,89.04268055,"other municipalities","Arabica"
"3152709","MU","Prados (MG)",50,0,50,1,0,45.55555556,0.083333333,0.077,0.051,0.3,238.1407773,"other municipalities","Arabica"
"3153103","MU","Presidente Bernardes (MG)",300,0,300,1,0,20,0.344,0.359333333,0.335333333,0.3,87.61441493,"other municipalities","Arabica"
"3153509","MU","Alto Jequitibá (MG)",4600,0,4600,1,0,35.11111111,0.382666667,0.362,0.299,0.3,95.0671898,"other municipalities","Arabica"
"3154002","MU","Raul Soares (MG)",4480,26,4506,0.994229915667998,0.00577008433200178,17.98333333,0.193,0.272666667,0.273333333,0.304,88.91528752,"other municipalities","Arabica"
"3154150","MU","Reduto (MG)",2940,0,2940,1,0,25.33333333,0.289,0.299666667,0.275,0.3,88.27829181,"other municipalities","Arabica"
"3154200","MU","Resende Costa (MG)",56,0,56,1,0,38.79444444,0.134666667,0.118666667,0.128333333,0.3,129.0994479,"other municipalities","Arabica"
"3154309","MU","Resplendor (MG)",82,736,818,0.100244498777506,0.899755501222494,12.73333333,0.043666667,0.014666667,0.040666667,0.93,759.0623117,"other municipalities","Canephora"
"3154705","MU","Ribeirão Vermelho (MG)",295,0,295,1,0,24.01666667,0.030333333,0.030666667,0.044666667,0.3,312.2262926,"other municipalities","Arabica"
"3156106","MU","Ritápolis (MG)",200,0,200,1,0,26.94444444,0.135666667,0.201666667,0.160666667,0.3,141.1319601,"other municipalities","Arabica"
"3156452","MU","Rosário da Limeira (MG)",1000,0,1000,1,0,22.86111111,0.233666667,0.207,0.200333333,0.3,135.5041465,"other municipalities","Arabica"
"3156809","MU","Sabinópolis (MG)",50,0,50,1,0,11.66666667,0.462333333,0.478,0.409333333,0.3,77.12564455,"other municipalities","Arabica"
"3157203","MU","Santa Bárbara (MG)",54,0,54,1,0,18.10555556,0.604,0.555666667,0.596666667,0.3,34.00138592,"other municipalities","Arabica"
"3157252","MU","Santa Bárbara do Leste (MG)",2900,0,2900,1,0,18.33333333,0.358333333,0.351666667,0.308,0.3,60.45189506,"other municipalities","Arabica"
"3157401","MU","Santa Cruz do Escalvado (MG)",100,0,100,1,0,11.11111111,0.136,0.115333333,0.104333333,0.3,172.9202947,"other municipalities","Arabica"
"3157906","MU","Santa Margarida (MG)",9000,0,9000,1,0,26.33333333,0.281666667,0.273666667,0.242666667,0.3,91.14928765,"other municipalities","Arabica"
"3158201","MU","Santa Maria do Suaçuí (MG)",55,0,55,1,0,11.71666667,0.215,0.208333333,0.279,0.3,47.1275888,"other municipalities","Arabica"
"3158300","MU","Santana da Vargem (MG)",5800,0,5800,1,0,23.33333333,0.082666667,0.078666667,0.073666667,0.3,248.5167848,"other municipalities","Arabica"
"3158805","MU","Santana do Jacaré (MG)",395,0,395,1,0,18.33333333,0.123333333,0.126333333,0.114,0.3,198.3319987,"other municipalities","Arabica"
"3158904","MU","Santana do Manhuaçu (MG)",5000,0,5000,1,0,22.33333333,0.213,0.242333333,0.255,0.3,83.3322117,"other municipalities","Arabica"
"3159209","MU","Santa Rita de Caldas (MG)",180,0,180,1,0,27.68888889,0.092,0.102333333,0.098666667,0.3,221.2684949,"other municipalities","Arabica"
"3159357","MU","Santa Rita de Minas (MG)",2800,0,2800,1,0,16.66666667,0.273,0.283333333,0.301333333,0.3,61.8829352,"other municipalities","Arabica"
"3159506","MU","Santa Rita do Itueto (MG)",2880,4220,7100,0.405633802816901,0.594366197183099,21.85,0.246,0.198,0.177333333,0.717,142.8152617,"other municipalities","Canephora"
"3159605","MU","Santa Rita do Sapucaí (MG)",6816,0,6816,1,0,19,0.129333333,0.146666667,0.156666667,0.3,155.7470546,"study area","Arabica"
"3159902","MU","Santo Antônio do Amparo (MG)",7700,0,7700,1,0,22,0.163,0.176,0.149333333,0.3,175.2446482,"other municipalities","Arabica"
"3160108","MU","Santo Antônio do Grama (MG)",412,0,412,1,0,13.23333333,0.187333333,0.203666667,0.197333333,0.3,142.9438809,"other municipalities","Arabica"
"3160306","MU","Santo Antônio do Jacinto (MG)",35,0,35,1,0,17.37777778,0.028333333,0.071,0.117,0.3,155.210356,"other municipalities","Arabica"
"3160801","MU","São Bento Abade (MG)",1500,0,1500,1,0,18.66666667,0.069333333,0.087,0.069333333,0.3,233.6774101,"study area","Arabica"
"3160959","MU","São Domingos das Dores (MG)",2700,0,2700,1,0,24.33333333,0.240333333,0.247,0.270333333,0.3,69.79991293,"other municipalities","Arabica"
"3161007","MU","São Domingos do Prata (MG)",450,0,450,1,0,13.33333333,0.310666667,0.241333333,0.328,0.3,43.11440674,"other municipalities","Arabica"
"3161056","MU","São Félix de Minas (MG)",24,14,38,0.631578947368421,0.368421052631579,18.86666667,0.039666667,0.042333333,0.072333333,0.602,279.6563502,"other municipalities","Arabica"
"3161205","MU","São Francisco de Paula (MG)",3165,0,3165,1,0,20,0.177,0.176,0.160333333,0.3,137.4496906,"other municipalities","Arabica"
"3161403","MU","São Francisco do Glória (MG)",1530,0,1530,1,0,21.66666667,0.141666667,0.145666667,0.161,0.301,154.1143433,"other municipalities","Arabica"
"3161502","MU","São Geraldo (MG)",250,0,250,1,0,18,0.137,0.187,0.214666667,0.3,118.1306638,"other municipalities","Arabica"
"3161650","MU","São Geraldo do Baixio (MG)",151,0,151,1,0,15.01111111,0.019,0.034666667,0.074333333,0.333,455.5742309,"other municipalities","Arabica"
"3162005","MU","São Gonçalo do Sapucaí (MG)",7314,0,7314,1,0,20.66666667,0.096666667,0.124333333,0.111666667,0.3,226.489829,"study area","Arabica"
"3162302","MU","São João da Mata (MG)",1000,0,1000,1,0,22.33333333,0.093666667,0.104666667,0.101333333,0.3,204.2844263,"other municipalities","Arabica"
"3162500","MU","São João del Rei (MG)",286,0,286,1,0,15.03333333,0.068666667,0.078,0.082666667,0.3,235.3535552,"other municipalities","Arabica"
"3162559","MU","São João do Manhuaçu (MG)",7200,0,7200,1,0,26,0.340333333,0.325,0.295,0.3,70.20057025,"other municipalities","Arabica"
"3162575","MU","São João do Manteninha (MG)",280,120,400,0.7,0.3,7.805555556,0.034333333,0.021333333,0.028666667,0.671,717.994528,"other municipalities","Arabica"
"3162807","MU","São João Evangelista (MG)",30,0,30,1,0,11.66666667,0.247,0.195333333,0.246333333,0.3,44.65656976,"other municipalities","Arabica"
"3163201","MU","São José do Alegre (MG)",75,0,75,1,0,18.96111111,0.065333333,0.184333333,0.183333333,0.3,145.6084773,"other municipalities","Arabica"
"3163508","MU","São José do Jacuri (MG)",22,0,22,1,0,11.61666667,0.302333333,0.288,0.277,0.3,87.65833425,"other municipalities","Arabica"
"3163607","MU","São José do Mantimento (MG)",720,0,720,1,0,21.87777778,0.257,0.251333333,0.255,0.3,86.19241429,"other municipalities","Arabica"
"3163706","MU","São Lourenço (MG)",58,0,58,1,0,22.98333333,0.093333333,0.096333333,0.162666667,0.3,82.69261313,"other municipalities","Arabica"
"3163805","MU","São Miguel do Anta (MG)",1400,0,1400,1,0,19.33333333,0.220666667,0.237,0.215,0.3,122.719028,"other municipalities","Arabica"
"3163904","MU","São Pedro da União (MG)",3350,0,3350,1,0,30.56666667,0.105333333,0.131333333,0.122666667,0.3,155.2761732,"study area","Arabica"
"3164407","MU","São Sebastião da Bela Vista (MG)",1300,0,1300,1,0,20.33333333,0.079666667,0.130333333,0.125333333,0.3,199.9090526,"study area","Arabica"
"3164431","MU","São Sebastião da Vargem Alegre (MG)",1250,0,1250,1,0,16.66666667,0.184,0.192333333,0.140666667,0.3,164.5509449,"other municipalities","Arabica"
"3164472","MU","São Sebastião do Anta (MG)",2000,0,2000,1,0,23,0.215333333,0.248333333,0.274333333,0.3,68.19015234,"other municipalities","Arabica"
"3164506","MU","São Sebastião do Maranhão (MG)",60,0,60,1,0,11.66666667,0.324,0.272333333,0.264666667,0.3,106.9372745,"other municipalities","Arabica"
"3165008","MU","São Tiago (MG)",577,0,577,1,0,26.00555556,0.079,0.074333333,0.088333333,0.3,220.9565532,"other municipalities","Arabica"
"3165206","MU","São Thomé das Letras (MG)",1000,0,1000,1,0,17.66666667,0.103333333,0.074666667,0.068,0.3,249.5713432,"study area","Arabica"
"3165701","MU","Senador Firmino (MG)",262,0,262,1,0,21.98888889,0.194666667,0.218333333,0.175666667,0.3,159.3110114,"other municipalities","Arabica"
"3165800","MU","Senador José Bento (MG)",830,0,830,1,0,22,0.144333333,0.176666667,0.159,0.3,172.599209,"other municipalities","Arabica"
"3166006","MU","Senhora de Oliveira (MG)",300,0,300,1,0,25,0.303333333,0.342333333,0.335,0.3,85.35257447,"other municipalities","Arabica"
"3166204","MU","Senhora dos Remédios (MG)",60,0,60,1,0,25,0.094333333,0.142333333,0.188,0.3,117.2116175,"other municipalities","Arabica"
"3166303","MU","Sericita (MG)",5300,0,5300,1,0,20.66666667,0.294333333,0.284333333,0.228666667,0.3,112.1311376,"other municipalities","Arabica"
"3166907","MU","Serrania (MG)",2800,0,2800,1,0,23.33333333,0.072666667,0.074333333,0.075,0.3,307.8720489,"study area","Arabica"
"3167400","MU","Silvianópolis (MG)",1860,0,1860,1,0,18,0.096666667,0.109,0.117333333,0.3,187.2826246,"study area","Arabica"
"3167608","MU","Simonésia (MG)",5500,0,5500,1,0,27.33333333,0.331666667,0.327,0.307666667,0.3,74.56431029,"other municipalities","Arabica"
"3167806","MU","Soledade de Minas (MG)",334,0,334,1,0,24,0.082333333,0.069666667,0.127333333,0.3,189.0068203,"study area","Arabica"
"3168051","MU","Taparuba (MG)",0,215,215,0,1,20,0.147,0.23,0.234333333,1,163.5537657,"other municipalities","Canephora"
"3168408","MU","Tarumirim (MG)",50,69,119,0.420168067226891,0.579831932773109,12.87777778,0.080666667,0.092,0.151333333,0.71,215.9242218,"other municipalities","Canephora"
"3168507","MU","Teixeiras (MG)",1000,0,1000,1,0,18.66666667,0.283666667,0.291333333,0.237,0.3,126.511643,"other municipalities","Arabica"
"3168606","MU","Teófilo Otoni (MG)",105,0,105,1,0,12.36111111,0.228,0.236666667,0.221,0.3,128.8526815,"other municipalities","Arabica"
"3169059","MU","Tocos do Moji (MG)",150,0,150,1,0,23,0.062,0.065,0.044666667,0.3,260.2624678,"other municipalities","Arabica"
"3169208","MU","Tombos (MG)",1256,0,1256,1,0,18,0.176,0.191,0.188333333,0.301,173.8919847,"other municipalities","Arabica"
"3169307","MU","Três Corações (MG)",10660,0,10660,1,0,19,0.061666667,0.063,0.059333333,0.3,270.44001,"other municipalities","Arabica"
"3169406","MU","Três Pontas (MG)",22200,0,22200,1,0,24.5,0.070333333,0.062666667,0.058,0.3,266.0858683,"other municipalities","Arabica"
"3169802","MU","Turvolândia (MG)",2500,0,2500,1,0,18.66666667,0.103666667,0.137,0.142,0.3,159.1459114,"study area","Arabica"
"3169901","MU","Ubá (MG)",10,0,10,1,0,15,0.114666667,0.193333333,0.135,0.3,155.1802041,"other municipalities","Arabica"
"3170057","MU","Ubaporanga (MG)",3921,0,3921,1,0,20.66666667,0.242,0.304,0.309,0.3,60.2042504,"other municipalities","Arabica"
"3170503","MU","Urucânia (MG)",75,0,75,1,0,11.11666667,0.129333333,0.146333333,0.104333333,0.3,148.0119601,"other municipalities","Arabica"
"3170578","MU","Vargem Alegre (MG)",0,0,0,NA,NA,27.65,0.1825,0.2095,0.279,0.3,96.73772344,"other municipalities",NA
"3170701","MU","Varginha (MG)",7670,0,7670,1,0,21.66666667,0.069,0.077,0.072666667,0.3,255.7335809,"other municipalities","Arabica"
"3171154","MU","Vermelho Novo (MG)",3605,0,3605,1,0,16,0.271333333,0.276333333,0.263,0.3,86.27539415,"other municipalities","Arabica"
"3171303","MU","Viçosa (MG)",2250,0,2250,1,0,23,0.263,0.259333333,0.206666667,0.3,143.1360873,"other municipalities","Arabica"
"3171402","MU","Vieiras (MG)",2202,0,2202,1,0,26.04444444,0.142333333,0.158,0.133333333,0.3,147.9776473,"other municipalities","Arabica"
"3171709","MU","Virgínia (MG)",180,0,180,1,0,20,0.163,0.119333333,0.112666667,0.3,204.8384937,"other municipalities","Arabica"
"3171808","MU","Virginópolis (MG)",150,0,150,1,0,17.33333333,0.341,0.287,0.367333333,0.3,58.47346064,"other municipalities","Arabica"
"3172004","MU","Visconde do Rio Branco (MG)",50,0,50,1,0,13,0.047333333,0.024,0.029,0.3,528.0417207,"other municipalities","Arabica"
"3200102","MU","Afonso Cláudio (ES)",10240,2600,12840,0.797507788161994,0.202492211838006,12.42777778,0.226333333,0.229666667,0.214,0.459,120.3308296,"other municipalities","Arabica"
"3200136","MU","Águia Branca (ES)",0,7500,7500,0,1,26.85,0.173666667,0.177333333,0.161,1,146.5702519,"other municipalities","Canephora"
"3200169","MU","Água Doce do Norte (ES)",850,2100,2950,0.288135593220339,0.711864406779661,12.72222222,0.117,0.115666667,0.116666667,0.788,196.9041477,"other municipalities","Canephora"
"3200201","MU","Alegre (ES)",4344,1305,5649,0.76898566117897,0.23101433882103,12.48333333,0.132,0.179666667,0.186333333,0.456,152.9286948,"other municipalities","Arabica"
"3200300","MU","Alfredo Chaves (ES)",2400,1700,4100,0.585365853658537,0.414634146341463,21.05,0.533666667,0.501333333,0.448666667,0.61,52.60539036,"other municipalities","Arabica"
"3200359","MU","Alto Rio Novo (ES)",2800,600,3400,0.823529411764706,0.176470588235294,13.32777778,0.156666667,0.144,0.140333333,0.436,151.729987,"other municipalities","Arabica"
"3200508","MU","Apiacá (ES)",1900,170,2070,0.917874396135266,0.0821256038647343,13.08333333,0.111,0.212666667,0.196666667,0.359,125.450994,"other municipalities","Arabica"
"3200706","MU","Atílio Vivacqua (ES)",10,2170,2180,0.00458715596330275,0.995412844036697,14.80555556,0.169333333,0.147666667,0.111333333,0.998,189.0204268,"other municipalities","Canephora"
"3200805","MU","Baixo Guandu (ES)",3500,3000,6500,0.538461538461538,0.461538461538462,12.03888889,0.116333333,0.211,0.207333333,0.623,149.7083203,"other municipalities","Arabica"
"3200904","MU","Barra de São Francisco (ES)",0,6000,6000,0,1,14.31111111,0.119333333,0.125,0.120666667,1,201.7349586,"other municipalities","Canephora"
"3201001","MU","Boa Esperança (ES)",0,8190,8190,0,1,30.85555556,0.055,0.078666667,0.076666667,1,423.251044,"other municipalities","Canephora"
"3201100","MU","Bom Jesus do Norte (ES)",270,10,280,0.964285714285714,0.0357142857142857,10.17777778,0.083,0.128,0.127666667,0.328,226.886218,"other municipalities","Arabica"
"3201159","MU","Brejetuba (ES)",14400,0,14400,1,0,18.59444444,0.288,0.273,0.246666667,0.3,97.57594652,"other municipalities","Arabica"
"3201209","MU","Cachoeiro de Itapemirim (ES)",362,5215,5577,0.0649094495248341,0.935090550475166,20.19444444,0.167333333,0.248666667,0.230333333,0.953,133.7846933,"other municipalities","Canephora"
"3201308","MU","Cariacica (ES)",35,300,335,0.104477611940299,0.895522388059702,13.75,0.327333333,0.393333333,0.332333333,0.936,88.20786839,"other municipalities","Canephora"
"3201407","MU","Castelo (ES)",5385,5200,10585,0.508738781294284,0.491261218705716,14.58333333,0.328,0.340666667,0.32,0.645,77.56553315,"other municipalities","Arabica"
"3201506","MU","Colatina (ES)",1000,8650,9650,0.103626943005181,0.896373056994819,14.71666667,0.167666667,0.196333333,0.173,0.923,153.9016424,"other municipalities","Canephora"
"3201704","MU","Conceição do Castelo (ES)",2782,1080,3862,0.72035214914552,0.27964785085448,16.1,0.442666667,0.374,0.339333333,0.519,69.6001896,"other municipalities","Arabica"
"3201803","MU","Divino de São Lourenço (ES)",2857,0,2857,1,0,15.24444444,0.386333333,0.245,0.232,0.3,83.95060091,"other municipalities","Arabica"
"3201902","MU","Domingos Martins (ES)",6305,5,6310,0.999207606973059,0.000792393026941363,15.16111111,0.479666667,0.449666667,0.412666667,0.302,62.33290761,"other municipalities","Arabica"
"3202009","MU","Dores do Rio Preto (ES)",3700,0,3700,1,0,14.51666667,0.332,0.272666667,0.234666667,0.3,93.66310842,"other municipalities","Arabica"
"3202108","MU","Ecoporanga (ES)",50,1200,1250,0.04,0.96,14.87777778,0.043333333,0.086333333,0.106333333,0.971,299.2495588,"other municipalities","Canephora"
"3202256","MU","Governador Lindenberg (ES)",0,10500,10500,0,1,24.46666667,0.219333333,0.195,0.162666667,1,160.8043702,"other municipalities","Canephora"
"3202306","MU","Guaçuí (ES)",5387,0,5387,1,0,14.72222222,0.192333333,0.184666667,0.186,0.3,111.4329245,"other municipalities","Arabica"
"3202454","MU","Ibatiba (ES)",9500,0,9500,1,0,17.99444444,0.188333333,0.168,0.163,0.3,129.2158491,"other municipalities","Arabica"
"3202504","MU","Ibiraçu (ES)",290,1700,1990,0.14572864321608,0.85427135678392,23.83333333,0.294,0.267,0.224,0.901,115.9834003,"other municipalities","Canephora"
"3202553","MU","Ibitirama (ES)",7700,0,7700,1,0,14.22222222,0.339666667,0.219,0.215,0.3,84.56039211,"other municipalities","Arabica"
"3202603","MU","Iconha (ES)",30,2850,2880,0.0104166666666667,0.989583333333333,33.12777778,0.268,0.299,0.317,0.993,65.14087513,"other municipalities","Canephora"
"3202652","MU","Irupi (ES)",10412,0,10412,1,0,15.65555556,0.197333333,0.186333333,0.185666667,0.3,115.817364,"other municipalities","Arabica"
"3202702","MU","Itaguaçu (ES)",4000,9100,13100,0.305343511450382,0.694656488549618,20.01666667,0.239666667,0.250666667,0.226666667,0.837,116.376877,"other municipalities","Canephora"
"3202900","MU","Itarana (ES)",2309,1160,3469,0.665609685788412,0.334390314211588,18.52777778,0.287333333,0.330666667,0.317666667,0.544,83.70636904,"other municipalities","Arabica"
"3203007","MU","Iúna (ES)",14328,10,14338,0.999302552657274,0.000697447342725624,15.43333333,0.251666667,0.200666667,0.185333333,0.301,130.6048537,"other municipalities","Arabica"
"3203056","MU","Jaguaré (ES)",0,19000,19000,0,1,30.87777778,0.180666667,0.199,0.149333333,1,210.6454033,"other municipalities","Canephora"
"3203106","MU","Jerônimo Monteiro (ES)",178,2000,2178,0.0817263544536272,0.918273645546373,16.73333333,0.105333333,0.115666667,0.107333333,0.94,193.13624,"other municipalities","Canephora"
"3203130","MU","João Neiva (ES)",200,4100,4300,0.0465116279069767,0.953488372093023,26.98888889,0.148666667,0.177,0.149,0.969,203.9828151,"other municipalities","Canephora"
"3203163","MU","Laranja da Terra (ES)",255,2996,3251,0.0784374038757305,0.921562596124269,16.38333333,0.177333333,0.204333333,0.183666667,0.942,129.196577,"other municipalities","Canephora"
"3203304","MU","Mantenópolis (ES)",4000,300,4300,0.930232558139535,0.0697674418604651,17.26666667,0.084333333,0.107,0.099333333,0.348,204.6197186,"other municipalities","Arabica"
"3203346","MU","Marechal Floriano (ES)",3400,0,3400,1,0,16.38888889,0.618666667,0.606666667,0.569333333,0.3,39.83322127,"other municipalities","Arabica"
"3203353","MU","Marilândia (ES)",0,7900,7900,0,1,28.96666667,0.289666667,0.286,0.252333333,1,115.4012479,"other municipalities","Canephora"
"3203403","MU","Mimoso do Sul (ES)",6162,3500,9662,0.637756158145312,0.362243841854688,15.28333333,0.183666667,0.215333333,0.204666667,0.554,130.7956786,"other municipalities","Arabica"
"3203502","MU","Montanha (ES)",0,5420,5420,0,1,21,0.029,0.056333333,0.087666667,1,544.8383845,"other municipalities","Canephora"
"3203601","MU","Mucurici (ES)",0,38,38,0,1,15.33333333,0.020666667,0.007,0.112666667,1,1080.598781,"other municipalities","Canephora"
"3203700","MU","Muniz Freire (ES)",9563,600,10163,0.94096231427728,0.0590376857227197,13.05,0.28,0.284666667,0.257,0.341,94.56306383,"other municipalities","Arabica"
"3203809","MU","Muqui (ES)",985,3000,3985,0.247176913425345,0.752823086574655,14.33888889,0.216,0.192,0.171333333,0.859,137.3454983,"other municipalities","Canephora"
"3203908","MU","Nova Venécia (ES)",0,16720,16720,0,1,21.12777778,0.082,0.081666667,0.083,1,303.1551931,"other municipalities","Canephora"
"3204005","MU","Pancas (ES)",200,8250,8450,0.0236686390532544,0.976331360946746,18.28888889,0.219666667,0.210333333,0.187,0.988,137.311622,"other municipalities","Canephora"
"3204054","MU","Pedro Canário (ES)",0,170,170,0,1,16,0.036333333,0.042333333,0.066666667,1,564.0608121,"other municipalities","Canephora"
"3204104","MU","Pinheiros (ES)",0,10500,10500,0,1,38.66666667,0.056,0.043,0.068666667,1,661.1347622,"other municipalities","Canephora"
"3204252","MU","Ponto Belo (ES)",0,400,400,0,1,15,0.014666667,0.017333333,0.04,1,592.9029937,"other municipalities","Canephora"
"3204351","MU","Rio Bananal (ES)",0,14300,14300,0,1,28.96666667,0.163666667,0.159333333,0.137,1,187.1148422,"other municipalities","Canephora"
"3204401","MU","Rio Novo do Sul (ES)",800,1000,1800,0.444444444444444,0.555555555555556,16.92222222,0.263333333,0.335333333,0.35,0.788,58.79697579,"other municipalities","Canephora"
"3204500","MU","Santa Leopoldina (ES)",1800,2100,3900,0.461538461538462,0.538461538461538,19.99444444,0.489333333,0.491333333,0.433666667,0.735,66.8829327,"other municipalities","Canephora"
"3204559","MU","Santa Maria de Jetibá (ES)",2500,0,2500,1,0,14,0.507333333,0.504,0.466333333,0.3,55.81561676,"other municipalities","Arabica"
"3204609","MU","Santa Teresa (ES)",4000,5200,9200,0.434782608695652,0.565217391304348,26.28888889,0.466,0.365666667,0.329,0.701,85.32028243,"other municipalities","Canephora"
"3204658","MU","São Domingos do Norte (ES)",0,4908,4908,0,1,21.53333333,0.147333333,0.147666667,0.141666667,1,164.0251307,"other municipalities","Canephora"
"3204708","MU","São Gabriel da Palha (ES)",0,11500,11500,0,1,24.85555556,0.143666667,0.159666667,0.153333333,1,156.2411044,"other municipalities","Canephora"
"3204807","MU","São José do Calçado (ES)",2700,389,3089,0.874069278083522,0.125930721916478,11.91111111,0.154333333,0.172666667,0.183333333,0.371,202.692852,"other municipalities","Arabica"
"3204955","MU","São Roque do Canaã (ES)",1000,4000,5000,0.2,0.8,22.38888889,0.146,0.158666667,0.14,0.86,159.4693157,"other municipalities","Canephora"
"3205010","MU","Sooretama (ES)",0,17000,17000,0,1,28.61666667,0.461,0.164333333,0.101,1,248.308959,"other municipalities","Canephora"
"3205036","MU","Vargem Alta (ES)",10420,750,11170,0.932855863921218,0.0671441360787825,13.72777778,0.517333333,0.474333333,0.424666667,0.355,57.28648122,"other municipalities","Arabica"
"3205069","MU","Venda Nova do Imigrante (ES)",3620,0,3620,1,0,17.66111111,0.48,0.480333333,0.426,0.3,53.04243674,"other municipalities","Arabica"
"3205101","MU","Viana (ES)",234,760,994,0.235412474849095,0.764587525150905,19.91666667,0.340666667,0.460333333,0.452,0.826,53.59467014,"other municipalities","Canephora"
"3205150","MU","Vila Pavão (ES)",0,9070,9070,0,1,22.47222222,0.087,0.095666667,0.105,1,200.8555279,"other municipalities","Canephora"
"3205176","MU","Vila Valério (ES)",0,21500,21500,0,1,26.93888889,0.124666667,0.136,0.107333333,1,213.958107,"other municipalities","Canephora"
"3500105","MU","Adamantina (SP)",600,0,600,1,0,10,0.021,0.025666667,0.034333333,0.3,402.4830463,"other municipalities","Arabica"
"3500402","MU","Águas da Prata (SP)",1040,0,1040,1,0,12.61111111,0.299666667,0.280333333,0.235333333,0.3,123.6371002,"study area","Arabica"
"3500501","MU","Águas de Lindóia (SP)",481,0,481,1,0,20.33333333,0.161333333,0.122333333,0.138,0.3,136.2206051,"study area","Arabica"
"3501103","MU","Alto Alegre (SP)",73,0,73,1,0,46.55,0.0325,0.0195,0.0205,0.3,569.4997442,"other municipalities","Arabica"
"3501400","MU","Álvaro de Carvalho (SP)",1000,0,1000,1,0,18.33333333,0.105666667,0.099666667,0.066,0.3,304.1298834,"other municipalities","Arabica"
"3501905","MU","Amparo (SP)",1756,0,1756,1,0,24.80555556,0.183333333,0.208,0.220666667,0.3,116.8661162,"study area","Arabica"
"3502606","MU","Aparecida d'Oeste (SP)",10,0,10,1,0,15.1,0.03,0.025666667,0.034,0.3,367.8301473,"other municipalities","Arabica"
"3502804","MU","Araçatuba (SP)",79,0,79,1,0,31.2,0.023333333,0.026666667,0.012666667,0.3,977.8565684,"other municipalities","Arabica"
"3503356","MU","Arco-Íris (SP)",69,0,69,1,0,15.52777778,0.04,0.022,0.082,0.3,759.9937461,"other municipalities","Arabica"
"3503950","MU","Aspásia (SP)",10,0,10,1,0,13.13888889,0.012333333,0.011,0.023333333,0.3,555.5447078,"other municipalities","Arabica"
"3504206","MU","Auriflama (SP)",60,0,60,1,0,11.25,0.025,0.0235,0.019,0.3,404.8723217,"other municipalities","Arabica"
"3504404","MU","Avanhandava (SP)",58,0,58,1,0,47.23333333,0.038,0.06,0.1025,0.3,354.0748828,"other municipalities","Arabica"
"3504602","MU","Bady Bassitt (SP)",70,0,70,1,0,27.77777778,0.052666667,0.041333333,0.024333333,0.3,422.3989791,"other municipalities","Arabica"
"3505005","MU","Barão de Antonina (SP)",10,0,10,1,0,43.88888889,0.098,0.071333333,0.071,0.3,150.2546584,"other municipalities","Arabica"
"3505807","MU","Bastos (SP)",255,0,255,1,0,17.77777778,0.052,0.038,0.017333333,0.3,446.9938932,"other municipalities","Arabica"
"3506300","MU","Bernardino de Campos (SP)",130,0,130,1,0,13.62777778,0.081333333,0.042,0.079333333,0.3,159.4649454,"other municipalities","Arabica"
"3506409","MU","Bilac (SP)",120,0,120,1,0,18.27777778,0.023666667,0.019666667,0.026333333,0.3,740.1932154,"other municipalities","Arabica"
"3506508","MU","Birigui (SP)",300,0,300,1,0,11.11666667,0.023,0.016333333,0.024333333,0.3,473.2499074,"other municipalities","Arabica"
"3507605","MU","Bragança Paulista (SP)",1500,0,1500,1,0,25,0.165666667,0.201666667,0.159666667,0.3,144.5147584,"other municipalities","Arabica"
"3507704","MU","Braúna (SP)",120,0,120,1,0,37.93333333,0.0325,0.0245,0.0255,0.3,486.29727,"other municipalities","Arabica"
"3508702","MU","Caconde (SP)",7500,0,7500,1,0,16.51111111,0.133,0.145333333,0.152333333,0.3,133.964441,"study area","Arabica"
"3508801","MU","Cafelândia (SP)",0,0,0,NA,NA,20.10555556,0.077333333,0.119333333,0.117,0.3,402.0974181,"other municipalities",NA
"3509502","MU","Campinas (SP)",400,0,400,1,0,15.33333333,0.076666667,0.11,0.128,0.3,210.1313135,"study area","Arabica"
"3511904","MU","Clementina (SP)",58,0,58,1,0,25,0.016666667,0.008666667,0.008,0.3,531.9096384,"other municipalities","Arabica"
"3512506","MU","Coroados (SP)",46,0,46,1,0,30,0.033,0.024,0.034,0.3,495.8847448,"other municipalities","Arabica"
"3513900","MU","Divinolândia (SP)",3200,0,3200,1,0,12.94444444,0.122333333,0.126666667,0.126333333,0.3,145.0074,"study area","Arabica"
"3514403","MU","Dracena (SP)",680,0,680,1,0,23.08333333,0.046,0.036333333,0.069666667,0.3,708.6124486,"other municipalities","Arabica"
"3515202","MU","Estrela d'Oeste (SP)",60,0,60,1,0,20.3,0.035333333,0.026333333,0.038333333,0.3,432.3192833,"other municipalities","Arabica"
"3515400","MU","Fartura (SP)",2860,0,2860,1,0,15.30555556,0.105333333,0.082333333,0.076,0.3,214.969131,"other municipalities","Arabica"
"3515509","MU","Fernandópolis (SP)",30,0,30,1,0,10,0.034,0.027333333,0.025666667,0.3,391.722532,"other municipalities","Arabica"
"3516002","MU","Flórida Paulista (SP)",323,0,323,1,0,11.27777778,0.030333333,0.028333333,0.038666667,0.3,506.347389,"other municipalities","Arabica"
"3516507","MU","Gabriel Monteiro (SP)",380,0,380,1,0,18.10555556,0.022,0.017,0.02,0.3,600.8957708,"other municipalities","Arabica"
"3516705","MU","Garça (SP)",12400,0,12400,1,0,22.5,0.1095,0.098,0.064,0.3,394.7352139,"other municipalities","Arabica"
"3517000","MU","Getulina (SP)",0,0,0,NA,NA,18.32777778,0.054333333,0.010666667,0.038333333,0.3,1002.513573,"other municipalities",NA
"3517109","MU","Glicério (SP)",280,0,280,1,0,20.31666667,0.0205,0.016,0.0415,0.3,527.7332491,"other municipalities","Arabica"
"3517208","MU","Guaiçara (SP)",0,0,0,NA,NA,25.23333333,0.045,0.047666667,0.001333333,0.3,761.4273812,"other municipalities",NA
"3517307","MU","Guaimbê (SP)",0,0,0,NA,NA,10.77222222,0.039,0.02,0.008666667,0.3,471.9458449,"other municipalities",NA
"3518107","MU","Guarantã (SP)",0,0,0,NA,NA,12.05555556,0.083333333,0.078666667,0.055333333,0.3,396.8635641,"other municipalities",NA
"3519006","MU","Herculândia (SP)",100,0,100,1,0,15.55555556,0.017666667,0.030333333,0.052,0.3,621.5636887,"other municipalities","Arabica"
"3519204","MU","Iacri (SP)",423,0,423,1,0,14.17777778,0.035,0.016333333,0.032333333,0.3,713.3652166,"other municipalities","Arabica"
"3520509","MU","Indaiatuba (SP)",150,0,150,1,0,17.77777778,0.064333333,0.07,0.067333333,0.3,361.6403509,"other municipalities","Arabica"
"3520806","MU","Inúbia Paulista (SP)",270,0,270,1,0,19.00555556,0.066,0.089666667,0.044666667,0.3,659.6649019,"other municipalities","Arabica"
"3520905","MU","Ipaussu (SP)",280,0,280,1,0,16.94444444,0.092666667,0.065,0.056333333,0.3,531.6991196,"other municipalities","Arabica"
"3521606","MU","Irapuru (SP)",930,0,930,1,0,10.19444444,0.025666667,0.009666667,0.019333333,0.3,711.1773683,"other municipalities","Arabica"
"3522802","MU","Itaporanga (SP)",505,0,505,1,0,14.71666667,0.094333333,0.037333333,0.032,0.3,490.0819957,"other municipalities","Arabica"
"3522901","MU","Itapuí (SP)",25,0,25,1,0,17.33333333,0.022666667,0.016666667,0.068,0.3,246.4025764,"other municipalities","Arabica"
"3523404","MU","Itatiba (SP)",398,0,398,1,0,12.50833333,0.1645,0.1825,0.1395,0.3,193.0947651,"other municipalities","Arabica"
"3524501","MU","Jaci (SP)",50,0,50,1,0,21.11111111,0.060666667,0.076333333,0.245,0.3,110.1469311,"other municipalities","Arabica"
"3524808","MU","Jales (SP)",40,0,40,1,0,12.24444444,0.029333333,0.027,0.011333333,0.3,466.0344471,"other municipalities","Arabica"
"3525508","MU","Joanópolis (SP)",20,0,20,1,0,22.77777778,0.386666667,0.139,0.216333333,0.3,180.9875864,"other municipalities","Arabica"
"3525706","MU","José Bonifácio (SP)",110,0,110,1,0,16.11111111,0.043666667,0.040333333,0.037,0.3,279.4830253,"other municipalities","Arabica"
"3525805","MU","Júlio Mesquita (SP)",280,0,280,1,0,24,0.068,0.0675,0.101,0.3,550.9237061,"other municipalities","Arabica"
"3526001","MU","Junqueirópolis (SP)",700,0,700,1,0,10.95555556,0.032666667,0.030666667,0.072,0.3,799.357808,"other municipalities","Arabica"
"3527009","MU","Lindóia (SP)",150,0,150,1,0,21.02777778,0.107,0.099333333,0.103,0.3,134.6259357,"study area","Arabica"
"3527108","MU","Lins (SP)",0,0,0,NA,NA,27.27222222,0.052333333,0.038,0.049666667,0.3,576.5438504,"other municipalities",NA
"3527405","MU","Lucélia (SP)",250,0,250,1,0,8.777777778,0.031666667,0.028333333,0.042,0.3,877.5356203,"other municipalities","Arabica"
"3527702","MU","Luiziânia (SP)",66,0,66,1,0,27.30833333,0.0395,0.0235,0.0445,0.3,695.3732214,"other municipalities","Arabica"
"3528106","MU","Macaubal (SP)",35,0,35,1,0,14.44444444,0.076,0.060666667,0.042666667,0.3,298.1587725,"other municipalities","Arabica"
"3528205","MU","Macedônia (SP)",80,0,80,1,0,10,0.028333333,0.035333333,0.065666667,0.3,289.110309,"other municipalities","Arabica"
"3528908","MU","Mariápolis (SP)",100,0,100,1,0,21.66666667,0.015,0.014666667,0.022666667,0.3,808.6294364,"other municipalities","Arabica"
"3529500","MU","Mendonça (SP)",100,0,100,1,0,17.22222222,0.066,0.018,0.011,0.3,602.964368,"other municipalities","Arabica"
"3530102","MU","Mirandópolis (SP)",75,0,75,1,0,25.11666667,0.062,0.068,0.052,0.3,299.3220428,"other municipalities","Arabica"
"3531209","MU","Monte Alegre do Sul (SP)",670,0,670,1,0,20.11666667,0.266333333,0.261,0.241666667,0.3,81.35038599,"study area","Arabica"
"3531605","MU","Monte Castelo (SP)",70,0,70,1,0,10.06666667,0.085333333,0.027666667,0.003,0.3,968.3937323,"other municipalities","Arabica"
"3532009","MU","Morungaba (SP)",50,0,50,1,0,18.30555556,0.224333333,0.269333333,0.244,0.3,89.31726775,"other municipalities","Arabica"
"3532108","MU","Murutinga do Sul (SP)",8,0,8,1,0,29.16666667,0.062,0.049,0.069,0.3,355.9469864,"other municipalities","Arabica"
"3532504","MU","Neves Paulista (SP)",40,0,40,1,0,13.61111111,0.047333333,0.027666667,0.018,0.3,475.7437155,"other municipalities","Arabica"
"3532702","MU","Nipoã (SP)",100,0,100,1,0,13.77777778,0.062333333,0.054333333,0.066666667,0.3,150.4545754,"other municipalities","Arabica"
"3532801","MU","Nova Aliança (SP)",100,0,100,1,0,12.22222222,0.064666667,0.029666667,0.022,0.3,525.9186009,"other municipalities","Arabica"
"3534104","MU","Oriente (SP)",130,0,130,1,0,17.5,0.088,0.126,0.117,0.3,313.7994357,"other municipalities","Arabica"
"3534609","MU","Osvaldo Cruz (SP)",2750,0,2750,1,0,7.716666667,0.053,0.037,0.039,0.3,450.3578919,"other municipalities","Arabica"
"3534708","MU","Ourinhos (SP)",16,0,16,1,0,11.22222222,0.036666667,0.042,0.052333333,0.3,392.7800335,"other municipalities","Arabica"
"3534807","MU","Ouro Verde (SP)",30,0,30,1,0,12.81111111,0.062666667,0.006333333,0.034,0.3,1190.585058,"other municipalities","Arabica"
"3534906","MU","Pacaembu (SP)",600,0,600,1,0,15,0.024,0.021,0.019666667,0.3,559.7520416,"other municipalities","Arabica"
"3535200","MU","Palmeira d'Oeste (SP)",75,0,75,1,0,8.255555556,0.025333333,0.031666667,0.056666667,0.3,298.3951707,"other municipalities","Arabica"
"3536000","MU","Parapuã (SP)",1620,0,1620,1,0,16.11111111,0.029333333,0.025666667,0.022666667,0.3,597.8456311,"other municipalities","Arabica"
"3536802","MU","Pedra Bela (SP)",200,0,200,1,0,22.22222222,0.212666667,0.286333333,0.234,0.3,97.28756647,"other municipalities","Arabica"
"3536901","MU","Pedranópolis (SP)",10,0,10,1,0,16.66666667,0.047,0.043666667,0.078666667,0.3,259.5816496,"other municipalities","Arabica"
"3537107","MU","Pedreira (SP)",48,0,48,1,0,17.28888889,0.154666667,0.148333333,0.111,0.3,36.91576599,"other municipalities","Arabica"
"3537305","MU","Penápolis (SP)",230,0,230,1,0,46.975,0.0305,0.027,0.027,0.3,612.8650263,"other municipalities","Arabica"
"3537701","MU","Piacatu (SP)",335,0,335,1,0,10,0.066333333,0.019333333,0.018333333,0.3,604.646811,"other municipalities","Arabica"
"3538006","MU","Pindamonhangaba (SP)",30,0,30,1,0,15.95,0.271,0.169666667,0.180666667,0.3,214.9925086,"other municipalities","Arabica"
"3538204","MU","Pinhalzinho (SP)",300,0,300,1,0,23.33333333,0.171,0.164,0.194333333,0.3,84.84208315,"other municipalities","Arabica"
"3538600","MU","Piracaia (SP)",10,0,10,1,0,22.77777778,0.349666667,0.165333333,0.120333333,0.3,159.7875496,"other municipalities","Arabica"
"3540002","MU","Pompéia (SP)",155,0,155,1,0,34.94166667,0.047,0.0775,0.0955,0.3,474.8729695,"other municipalities","Arabica"
"3540101","MU","Pongaí (SP)",0,0,0,NA,NA,24.97222222,0.043666667,0.039,0.049666667,0.3,244.3415787,"other municipalities",NA
"3540259","MU","Pontalinda (SP)",5,0,5,1,0,10.12222222,0.051666667,0.032,0.005,0.3,400.0873705,"other municipalities","Arabica"
"3540606","MU","Porto Feliz (SP)",20,0,20,1,0,20,0.050333333,0.025333333,0.017,0.3,471.6033211,"other municipalities","Arabica"
"3540804","MU","Potirendaba (SP)",80,0,80,1,0,16.09444444,0.051666667,0.048666667,0.044666667,0.3,448.9619652,"other municipalities","Arabica"
"3541604","MU","Promissão (SP)",100,0,100,1,0,47.25,0.0445,0.0415,0.032,0.3,746.4559519,"other municipalities","Arabica"
"3542008","MU","Quintana (SP)",90,0,90,1,0,19.2,0.061,0.032,0.136666667,0.3,725.7778517,"other municipalities","Arabica"
"3543808","MU","Rinópolis (SP)",1200,0,1200,1,0,17.5,0.038666667,0.021333333,0.037666667,0.3,516.8496852,"other municipalities","Arabica"
"3544707","MU","Sagres (SP)",90,0,90,1,0,8.855555556,0.024333333,0.029666667,0.042666667,0.3,592.7176277,"other municipalities","Arabica"
"3545100","MU","Salmourão (SP)",420,0,420,1,0,10.67777778,0.118666667,0.055333333,0.020333333,0.3,609.2313943,"other municipalities","Arabica"
"3546603","MU","Santa Fé do Sul (SP)",70,0,70,1,0,15,0.019666667,0.015,0.011666667,0.3,536.786261,"other municipalities","Arabica"
"3547205","MU","Santana da Ponte Pensa (SP)",5,0,5,1,0,15,0.011,0.007666667,0.013333333,0.3,366.2803323,"other municipalities","Arabica"
"3547403","MU","Santa Rita d'Oeste (SP)",10,0,10,1,0,14.88888889,0.017666667,0.010333333,0.030333333,0.3,495.0034313,"other municipalities","Arabica"
"3548104","MU","Santo Antônio do Jardim (SP)",3420,0,3420,1,0,19.89444444,0.133666667,0.127666667,0.122333333,0.3,158.3180492,"study area","Arabica"
"3549201","MU","São João das Duas Pontes (SP)",5,0,5,1,0,11.93333333,0.033666667,0.044,0.028333333,0.3,437.939475,"other municipalities","Arabica"
"3550803","MU","São Sebastião da Grama (SP)",7900,0,7900,1,0,25.72222222,0.174333333,0.167666667,0.163333333,0.3,139.7090976,"study area","Arabica"
"3551207","MU","Sarutaiá (SP)",118,0,118,1,0,15.73333333,0.149,0.132666667,0.125666667,0.3,186.7148532,"other municipalities","Arabica"
"3551603","MU","Serra Negra (SP)",2870,0,2870,1,0,26.66666667,0.171,0.184,0.185666667,0.3,113.6086993,"study area","Arabica"
"3552106","MU","Socorro (SP)",2200,0,2200,1,0,22.5,0.097333333,0.097,0.101,0.3,156.8527652,"study area","Arabica"
"3553005","MU","Taguaí (SP)",1170,0,1170,1,0,15.63888889,0.079,0.052666667,0.060333333,0.3,241.5531359,"other municipalities","Arabica"
"3553609","MU","Tapiratiba (SP)",2585,0,2585,1,0,22.3,0.167,0.168666667,0.176666667,0.3,143.2568174,"study area","Arabica"
"3554300","MU","Teodoro Sampaio (SP)",50,0,50,1,0,16.66666667,0.270666667,0.016333333,0.021666667,0.3,899.4223595,"other municipalities","Arabica"
"3554607","MU","Timburi (SP)",1390,0,1390,1,0,15.27222222,0.219,0.159333333,0.092333333,0.3,210.6360807,"other municipalities","Arabica"
"3554904","MU","Três Fronteiras (SP)",10,0,10,1,0,15,0.014,0.014333333,0.022666667,0.3,426.3064193,"other municipalities","Arabica"
"3554953","MU","Tuiuti (SP)",30,0,30,1,0,18.88888889,0.116,0.134333333,0.086333333,0.3,261.9008614,"other municipalities","Arabica"
"3555000","MU","Tupã (SP)",200,0,200,1,0,17.22222222,0.040333333,0.013,0.020666667,0.3,762.7057842,"other municipalities","Arabica"
"3555109","MU","Tupi Paulista (SP)",627,0,627,1,0,19.43333333,0.018666667,0.017666667,0.026,0.3,683.6903797,"other municipalities","Arabica"
"3555307","MU","Turmalina (SP)",20,0,20,1,0,10,0.064333333,0.055,0.060333333,0.3,503.7829064,"other municipalities","Arabica"
"3555802","MU","Urânia (SP)",15,0,15,1,0,6.455555556,0.017666667,0.011,0.019,0.3,638.6462847,"other municipalities","Arabica"
"3555901","MU","Uru (SP)",0,0,0,NA,NA,24.01666667,0.039,0.063,0.025,0.3,560.6275316,"other municipalities",NA
"3556206","MU","Valinhos (SP)",24,0,24,1,0,33.33333333,0.1155,0.1965,0.1055,0.3,117.1186215,"other municipalities","Arabica"
"3556354","MU","Vargem (SP)",90,0,90,1,0,20,0.228,0.084666667,0.123333333,0.3,193.9536932,"other municipalities","Arabica"
"3556602","MU","Vera Cruz (SP)",3150,0,3150,1,0,17.44444444,0.090666667,0.088333333,0.047333333,0.3,374.466654,"other municipalities","Arabica"
"3557204","MU","Chavantes (SP)",35,0,35,1,0,12.13333333,0.051333333,0.051666667,0.105666667,0.3,385.5637698,"other municipalities","Arabica"
"4100103","MU","Abatiá (PR)",920,0,920,1,0,22.86666667,0.049,0.05,0.040333333,0.3,288.1200693,"other municipalities","Arabica"
"4100509","MU","Altônia (PR)",300,0,300,1,0,15.25555556,0.078333333,0.044333333,0.043666667,0.3,452.2095982,"other municipalities","Arabica"
"4100608","MU","Alto Paraná (PR)",114,0,114,1,0,12.28888889,0.065,0.054666667,0.087,0.3,191.455178,"other municipalities","Arabica"
"4100806","MU","Alvorada do Sul (PR)",360,0,360,1,0,26,0.044666667,0.055,0.092666667,0.3,588.6991015,"other municipalities","Arabica"
"4101051","MU","Anahy (PR)",56,0,56,1,0,22.43333333,0.087333333,0.101666667,0.041666667,0.3,236.3222222,"other municipalities","Arabica"
"4101101","MU","Andirá (PR)",38,0,38,1,0,21.72777778,0.024333333,0.028666667,0.052333333,0.3,996.5879902,"other municipalities","Arabica"
"4101150","MU","Ângulo (PR)",19,0,19,1,0,25.52777778,0.037,0.083666667,0.055,0.3,401.5520773,"other municipalities","Arabica"
"4101408","MU","Apucarana (PR)",4230,0,4230,1,0,26.12222222,0.139333333,0.151666667,0.119,0.3,170.6790712,"other municipalities","Arabica"
"4101507","MU","Arapongas (PR)",694,0,694,1,0,21.66111111,0.111666667,0.118666667,0.063666667,0.3,337.9136167,"other municipalities","Arabica"
"4101655","MU","Arapuã (PR)",170,0,170,1,0,16.33888889,0.061,0.076333333,0.08,0.3,219.4102908,"other municipalities","Arabica"
"4101705","MU","Araruna (PR)",340,0,340,1,0,21.82222222,0.084666667,0.087,0.054333333,0.3,294.8331189,"other municipalities","Arabica"
"4101853","MU","Ariranha do Ivaí (PR)",60,0,60,1,0,13.42222222,0.096333333,0.095666667,0.074,0.3,238.3942673,"other municipalities","Arabica"
"4101903","MU","Assaí (PR)",420,0,420,1,0,22.63333333,0.053,0.050666667,0.040333333,0.3,307.7572389,"other municipalities","Arabica"
"4102109","MU","Astorga (PR)",304,0,304,1,0,24.42777778,0.058333333,0.034,0.024,0.3,645.81077,"other municipalities","Arabica"
"4102406","MU","Bandeirantes (PR)",400,0,400,1,0,21.21111111,0.052,0.075333333,0.057333333,0.3,356.2759061,"other municipalities","Arabica"
"4102505","MU","Barbosa Ferraz (PR)",168,0,168,1,0,17.95555556,0.114,0.102333333,0.081333333,0.3,253.37151,"other municipalities","Arabica"
"4102703","MU","Barra do Jacaré (PR)",48,0,48,1,0,33.02222222,0.036333333,0.025,0.024666667,0.3,844.7048099,"other municipalities","Arabica"
"4102802","MU","Bela Vista do Paraíso (PR)",110,0,110,1,0,23.58888889,0.080333333,0.057666667,0.044,0.3,340.8307763,"other municipalities","Arabica"
"4103206","MU","Bom Sucesso (PR)",150,0,150,1,0,25.82777778,0.133,0.128,0.124666667,0.3,133.7525864,"other municipalities","Arabica"
"4103305","MU","Borrazópolis (PR)",530,0,530,1,0,15.46111111,0.077666667,0.076666667,0.087333333,0.3,138.522261,"other municipalities","Arabica"
"4103354","MU","Braganey (PR)",76,0,76,1,0,23.51111111,0.126666667,0.087,0.064666667,0.3,284.7924229,"other municipalities","Arabica"
"4103404","MU","Cafeara (PR)",98,0,98,1,0,20.03333333,0.028333333,0.051333333,0.072333333,0.3,564.8640244,"other municipalities","Arabica"
"4103479","MU","Cafezal do Sul (PR)",6,0,6,1,0,13.31666667,0.036666667,0.044,0.033333333,0.3,329.3471289,"other municipalities","Arabica"
"4103503","MU","Califórnia (PR)",290,0,290,1,0,22.83333333,0.092,0.086,0.062333333,0.3,187.6622928,"other municipalities","Arabica"
"4103602","MU","Cambará (PR)",12,0,12,1,0,34.27222222,0.024,0.017,0.029,0.3,382.3381165,"other municipalities","Arabica"
"4103701","MU","Cambé (PR)",630,0,630,1,0,17.98333333,0.060333333,0.058666667,0.060666667,0.3,303.0455849,"other municipalities","Arabica"
"4103800","MU","Cambira (PR)",1290,0,1290,1,0,26.23333333,0.098666667,0.126666667,0.084666667,0.3,191.1480223,"other municipalities","Arabica"
"4104303","MU","Campo Mourão (PR)",33,0,33,1,0,20.57222222,0.106,0.112,0.1,0.3,231.0628999,"other municipalities","Arabica"
"4104709","MU","Carlópolis (PR)",4444,0,4444,1,0,35.88888889,0.045666667,0.049666667,0.047,0.3,296.8380573,"other municipalities","Arabica"
"4105102","MU","Centenário do Sul (PR)",403,0,403,1,0,22.40555556,0.055333333,0.056,0.054,0.3,428.9033581,"other municipalities","Arabica"
"4105508","MU","Cianorte (PR)",524,0,524,1,0,18.04444444,0.11,0.1,0.070333333,0.3,350.1979664,"other municipalities","Arabica"
"4105607","MU","Cidade Gaúcha (PR)",47,0,47,1,0,17.54444444,0.048333333,0.042333333,0.008666667,0.3,639.3765132,"other municipalities","Arabica"
"4105904","MU","Colorado (PR)",150,0,150,1,0,14.75,0.031333333,0.021333333,0.018333333,0.3,747.3759667,"other municipalities","Arabica"
"4106001","MU","Congonhinhas (PR)",1132,0,1132,1,0,27.65555556,0.135666667,0.106,0.080666667,0.3,258.2309741,"other municipalities","Arabica"
"4106100","MU","Conselheiro Mairinck (PR)",349,0,349,1,0,43.47222222,0.064666667,0.044333333,0.038666667,0.3,284.5221145,"other municipalities","Arabica"
"4106308","MU","Corbélia (PR)",60,0,60,1,0,24.56666667,0.120333333,0.101666667,0.081,0.3,196.9750002,"other municipalities","Arabica"
"4106407","MU","Cornélio Procópio (PR)",1108,0,1108,1,0,24.48888889,0.097333333,0.067666667,0.048,0.3,342.1071045,"other municipalities","Arabica"
"4106555","MU","Corumbataí do Sul (PR)",2100,0,2100,1,0,18.97222222,0.126333333,0.105666667,0.096333333,0.3,215.816271,"other municipalities","Arabica"
"4106605","MU","Cruzeiro do Oeste (PR)",150,0,150,1,0,16.17222222,0.072,0.033333333,0.020666667,0.3,435.9045377,"other municipalities","Arabica"
"4106852","MU","Cruzmaltina (PR)",60,0,60,1,0,15.73333333,0.103666667,0.086,0.138,0.3,130.6956554,"other municipalities","Arabica"
"4107009","MU","Curiúva (PR)",473,0,473,1,0,29.2,0.233333333,0.172666667,0.131,0.3,141.2291193,"other municipalities","Arabica"
"4107108","MU","Diamante do Norte (PR)",340,0,340,1,0,11.70555556,0.120333333,0.050333333,0.051666667,0.3,634.2976863,"other municipalities","Arabica"
"4107256","MU","Douradina (PR)",45,0,45,1,0,13.67222222,0.084666667,0.068,0.012666667,0.3,614.5659718,"other municipalities","Arabica"
"4107306","MU","Doutor Camargo (PR)",32,0,32,1,0,22.60555556,0.028666667,0.018,0.01,0.3,757.4980475,"other municipalities","Arabica"
"4107504","MU","Engenheiro Beltrão (PR)",200,0,200,1,0,27.22222222,0.081666667,0.058333333,0.042333333,0.3,521.4892432,"other municipalities","Arabica"
"4107520","MU","Esperança Nova (PR)",84,0,84,1,0,15.83888889,0.019666667,0.023,0.022666667,0.3,554.3942537,"other municipalities","Arabica"
"4107751","MU","Figueira (PR)",1502,0,1502,1,0,30.7,0.231666667,0.193666667,0.14,0.3,138.4808658,"other municipalities","Arabica"
"4107801","MU","Floraí (PR)",100,0,100,1,0,22.22222222,0.058666667,0.073666667,0.056666667,0.3,363.1474369,"other municipalities","Arabica"
"4108007","MU","Florestópolis (PR)",146,0,146,1,0,31.67777778,0.113,0.030666667,0.030666667,0.3,472.1618834,"other municipalities","Arabica"
"4108205","MU","Formosa do Oeste (PR)",50,0,50,1,0,30.01666667,0.056666667,0.042333333,0.016666667,0.3,321.5122197,"other municipalities","Arabica"
"4108320","MU","Francisco Alves (PR)",30,0,30,1,0,14.25,0.025,0.015,0.017,0.3,594.1822322,"other municipalities","Arabica"
"4108551","MU","Godoy Moreira (PR)",30,0,30,1,0,15.18333333,0.097666667,0.079,0.048666667,0.3,344.4036966,"other municipalities","Arabica"
"4108601","MU","Goioerê (PR)",25,0,25,1,0,27.33333333,0.082,0.071666667,0.106333333,0.3,270.5078348,"other municipalities","Arabica"
"4108700","MU","Grandes Rios (PR)",3000,0,3000,1,0,19.66666667,0.127666667,0.148,0.101333333,0.3,205.458599,"other municipalities","Arabica"
"4108908","MU","Guairaçá (PR)",130,0,130,1,0,11.23888889,0.067666667,0.040666667,0.037,0.3,651.5979344,"other municipalities","Arabica"
"4109005","MU","Guapirama (PR)",240,0,240,1,0,29.65,0.046333333,0.04,0.036333333,0.3,327.2179034,"other municipalities","Arabica"
"4109203","MU","Guaraci (PR)",22,0,22,1,0,23.05555556,0.047666667,0.025666667,0.038666667,0.3,507.3963366,"other municipalities","Arabica"
"4109708","MU","Ibaiti (PR)",2910,0,2910,1,0,27.85,0.136333333,0.158666667,0.136,0.3,160.5889404,"other municipalities","Arabica"
"4109807","MU","Ibiporã (PR)",200,0,200,1,0,19.74444444,0.067,0.062333333,0.059333333,0.3,365.0537623,"other municipalities","Arabica"
"4109906","MU","Icaraíma (PR)",55,0,55,1,0,15.86111111,0.043333333,0.015666667,0.009333333,0.3,636.7514322,"other municipalities","Arabica"
"4110003","MU","Iguaraçu (PR)",13,0,13,1,0,24.74444444,0.039666667,0.054,0.081333333,0.3,446.1398406,"other municipalities","Arabica"
"4110052","MU","Iguatu (PR)",76,0,76,1,0,22.83888889,0.143666667,0.120333333,0.065333333,0.3,290.4866871,"other municipalities","Arabica"
"4110409","MU","Indianópolis (PR)",70,0,70,1,0,15.36666667,0.076333333,0.074333333,0.072,0.3,339.4769842,"other municipalities","Arabica"
"4110607","MU","Iporã (PR)",100,0,100,1,0,14.66111111,0.046,0.034333333,0.036666667,0.3,359.6446472,"other municipalities","Arabica"
"4110656","MU","Iracema do Oeste (PR)",255,0,255,1,0,27.4,0.060666667,0.067,0.057,0.3,241.5389043,"other municipalities","Arabica"
"4110805","MU","Iretama (PR)",90,0,90,1,0,21.91111111,0.162,0.112666667,0.113333333,0.3,197.3281489,"other municipalities","Arabica"
"4110904","MU","Itaguajé (PR)",45,0,45,1,0,25.85,0.017,0.017,0.024666667,0.3,523.7592844,"other municipalities","Arabica"
"4111001","MU","Itambaracá (PR)",20,0,20,1,0,23.18333333,0.024,0.037666667,0.058333333,0.3,555.3456359,"other municipalities","Arabica"
"4111308","MU","Itaúna do Sul (PR)",150,0,150,1,0,12.40555556,0.028333333,0.022333333,0.042333333,0.3,605.7491735,"other municipalities","Arabica"
"4111506","MU","Ivaiporã (PR)",1000,0,1000,1,0,16.21111111,0.079,0.093333333,0.072,0.3,199.6194314,"other municipalities","Arabica"
"4111555","MU","Ivaté (PR)",40,0,40,1,0,15.13888889,0.093666667,0.042666667,0.031,0.3,387.259742,"other municipalities","Arabica"
"4111704","MU","Jaboti (PR)",341,0,341,1,0,32.88333333,0.068666667,0.061666667,0.066666667,0.3,293.0675569,"other municipalities","Arabica"
"4111803","MU","Jacarezinho (PR)",928,0,928,1,0,29.87777778,0.105,0.08,0.059,0.3,274.3597319,"other municipalities","Arabica"
"4111902","MU","Jaguapitã (PR)",52,0,52,1,0,19.13888889,0.055,0.053666667,0.050666667,0.3,395.3281779,"other municipalities","Arabica"
"4112108","MU","Jandaia do Sul (PR)",1500,0,1500,1,0,27.22222222,0.100333333,0.101333333,0.074,0.3,210.4947299,"other municipalities","Arabica"
"4112207","MU","Janiópolis (PR)",50,0,50,1,0,22.18333333,0.052666667,0.049333333,0.027,0.3,280.1584356,"other municipalities","Arabica"
"4112306","MU","Japira (PR)",1066,0,1066,1,0,34.43888889,0.103,0.110666667,0.079,0.3,296.9449506,"other municipalities","Arabica"
"4112405","MU","Japurá (PR)",191,0,191,1,0,17.51666667,0.078333333,0.037,0.045666667,0.3,419.0692733,"other municipalities","Arabica"
"4112504","MU","Jardim Alegre (PR)",890,0,890,1,0,15.65555556,0.075,0.074666667,0.054333333,0.3,278.3170161,"other municipalities","Arabica"
"4112702","MU","Jataizinho (PR)",63,0,63,1,0,23.95,0.068666667,0.077333333,0.038,0.3,325.9725584,"other municipalities","Arabica"
"4112751","MU","Jesuítas (PR)",2500,0,2500,1,0,31.46111111,0.074666667,0.064333333,0.05,0.3,303.5723653,"other municipalities","Arabica"
"4112801","MU","Joaquim Távora (PR)",475,0,475,1,0,31.12777778,0.073333333,0.072333333,0.056,0.3,236.7522786,"other municipalities","Arabica"
"4112900","MU","Jundiaí do Sul (PR)",565,0,565,1,0,30.35,0.089333333,0.109,0.092,0.3,228.1783554,"other municipalities","Arabica"
"4113007","MU","Jussara (PR)",30,0,30,1,0,19.81666667,0.112333333,0.086333333,0.058666667,0.3,373.2887491,"other municipalities","Arabica"
"4113106","MU","Kaloré (PR)",60,0,60,1,0,23.51666667,0.054,0.058,0.043333333,0.3,245.4427653,"other municipalities","Arabica"
"4113403","MU","Leópolis (PR)",100,0,100,1,0,20.66111111,0.042,0.015666667,0.029,0.3,680.3783896,"other municipalities","Arabica"
"4113429","MU","Lidianópolis (PR)",980,0,980,1,0,16.03333333,0.067666667,0.052333333,0.037333333,0.3,328.1743085,"other municipalities","Arabica"
"4113502","MU","Loanda (PR)",20,0,20,1,0,10,0.060333333,0.024666667,0.086666667,0.3,885.6438352,"other municipalities","Arabica"
"4113700","MU","Londrina (PR)",3400,0,3400,1,0,22.67222222,0.139333333,0.134333333,0.091666667,0.3,237.6586279,"other municipalities","Arabica"
"4113734","MU","Luiziana (PR)",27,0,27,1,0,19.58333333,0.185,0.203666667,0.117666667,0.3,249.8374055,"other municipalities","Arabica"
"4113759","MU","Lunardelli (PR)",650,0,650,1,0,17.21666667,0.135333333,0.062666667,0.028333333,0.3,413.0201993,"other municipalities","Arabica"
"4113809","MU","Lupionópolis (PR)",100,0,100,1,0,16.11111111,0.049333333,0.005666667,0.014333333,0.3,740.5919636,"other municipalities","Arabica"
"4114104","MU","Mandaguaçu (PR)",43,0,43,1,0,17.51666667,0.073333333,0.055666667,0.044,0.3,400.2483873,"other municipalities","Arabica"
"4114203","MU","Mandaguari (PR)",1800,0,1800,1,0,23.58333333,0.087,0.083333333,0.058,0.3,268.8151683,"other municipalities","Arabica"
"4114708","MU","Maria Helena (PR)",162,0,162,1,0,17.51666667,0.072666667,0.068333333,0.065,0.3,326.7067489,"other municipalities","Arabica"
"4114807","MU","Marialva (PR)",130,0,130,1,0,29.39444444,0.057,0.065333333,0.11,0.3,136.3204208,"other municipalities","Arabica"
"4114906","MU","Marilândia do Sul (PR)",50,0,50,1,0,23.79444444,0.114333333,0.126,0.073,0.3,252.3288708,"other municipalities","Arabica"
"4115002","MU","Marilena (PR)",145,0,145,1,0,8.344444444,0.052666667,0.017666667,0.025333333,0.3,662.231976,"other municipalities","Arabica"
"4115200","MU","Maringá (PR)",475,0,475,1,0,28.51111111,0.047666667,0.059333333,0.055333333,0.3,286.7864113,"other municipalities","Arabica"
"4115507","MU","Marumbi (PR)",210,0,210,1,0,24.71111111,0.116,0.117333333,0.088333333,0.3,213.7560702,"other municipalities","Arabica"
"4116000","MU","Miraselva (PR)",57,0,57,1,0,18.71666667,0.067,0.041666667,0.034,0.3,452.3642033,"other municipalities","Arabica"
"4116109","MU","Moreira Sales (PR)",100,0,100,1,0,26.42222222,0.042,0.030666667,0.039333333,0.3,395.2341626,"other municipalities","Arabica"
"4116307","MU","Munhoz de Melo (PR)",83,0,83,1,0,23.18888889,0.034,0.027,0.017666667,0.3,562.1417219,"other municipalities","Arabica"
"4116406","MU","Nossa Senhora das Graças (PR)",8,0,8,1,0,16.11111111,0.032,0.017,0.022666667,0.3,585.0487432,"other municipalities","Arabica"
"4116604","MU","Nova América da Colina (PR)",110,0,110,1,0,21.51111111,0.084666667,0.075666667,0.060666667,0.3,297.3881314,"other municipalities","Arabica"
"4116703","MU","Nova Aurora (PR)",25,0,25,1,0,21.08333333,0.083333333,0.049666667,0.018333333,0.3,354.9223802,"other municipalities","Arabica"
"4116901","MU","Nova Esperança (PR)",55,0,55,1,0,15,0.067333333,0.081,0.076,0.3,305.2359923,"other municipalities","Arabica"
"4117008","MU","Nova Fátima (PR)",950,0,950,1,0,24.64444444,0.091,0.082666667,0.075,0.3,283.2913085,"other municipalities","Arabica"
"4117107","MU","Nova Londrina (PR)",40,0,40,1,0,7.066666667,0.059666667,0.015,0.014,0.3,750.5981569,"other municipalities","Arabica"
"4117206","MU","Nova Olímpia (PR)",54,0,54,1,0,14.8,0.044,0.042666667,0.038666667,0.3,333.9585335,"other municipalities","Arabica"
"4117271","MU","Nova Tebas (PR)",40,0,40,1,0,17.63888889,0.151666667,0.115,0.148,0.3,159.0425522,"other municipalities","Arabica"
"4117297","MU","Novo Itacolomi (PR)",210,0,210,1,0,22.36111111,0.110666667,0.096333333,0.061666667,0.3,247.8457999,"other municipalities","Arabica"
"4118006","MU","Paraíso do Norte (PR)",20,0,20,1,0,13.5,0.066,0.074666667,0.037666667,0.3,471.3087157,"other municipalities","Arabica"
"4118105","MU","Paranacity (PR)",7,0,7,1,0,9.516666667,0.045666667,0.023,0.031,0.3,718.1340818,"other municipalities","Arabica"
"4118402","MU","Paranavaí (PR)",170,0,170,1,0,12.38333333,0.083333333,0.085666667,0.141666667,0.3,215.903676,"other municipalities","Arabica"
"4118808","MU","Peabiru (PR)",115,0,115,1,0,29.46666667,0.094666667,0.104,0.039666667,0.3,305.4066802,"other municipalities","Arabica"
"4118857","MU","Perobal (PR)",30,0,30,1,0,15.66111111,0.035333333,0.042666667,0.039666667,0.3,492.0952579,"other municipalities","Arabica"
"4118907","MU","Pérola (PR)",39,0,39,1,0,12.26111111,0.028,0.026,0.03,0.3,668.9802816,"other municipalities","Arabica"
"4119202","MU","Pinhalão (PR)",2085,0,2085,1,0,38.76666667,0.205666667,0.182333333,0.146666667,0.3,151.5138221,"other municipalities","Arabica"
"4119657","MU","Pitangueiras (PR)",538,0,538,1,0,32.06111111,0.040666667,0.034333333,0.033,0.3,354.3155368,"other municipalities","Arabica"
"4120002","MU","Porecatu (PR)",53,0,53,1,0,18.06111111,0.079333333,0.062666667,0.054333333,0.3,422.9487156,"other municipalities","Arabica"
"4120200","MU","Porto Rico (PR)",25,0,25,1,0,9.561111111,0.115333333,0.029,0.016666667,0.3,838.9343444,"other municipalities","Arabica"
"4120333","MU","Prado Ferreira (PR)",296,0,296,1,0,18.75555556,0.080333333,0.045666667,0.061,0.3,517.6493691,"other municipalities","Arabica"
"4120507","MU","Primeiro de Maio (PR)",145,0,145,1,0,30.16111111,0.026,0.084666667,0.071666667,0.3,310.5381583,"other municipalities","Arabica"
"4120705","MU","Quatiguá (PR)",87,0,87,1,0,32.91666667,0.050666667,0.059333333,0.051,0.3,246.0061776,"other municipalities","Arabica"
"4121109","MU","Quinta do Sol (PR)",66,0,66,1,0,26.37777778,0.083666667,0.077333333,0.043,0.3,494.3967945,"other municipalities","Arabica"
"4121307","MU","Rancho Alegre (PR)",50,0,50,1,0,21.01666667,0.023333333,0.007333333,0.01,0.3,792.2567709,"other municipalities","Arabica"
"4121802","MU","Ribeirão Claro (PR)",2294,0,2294,1,0,36.71666667,0.082333333,0.105666667,0.085,0.3,220.3577898,"other municipalities","Arabica"
"4121901","MU","Ribeirão do Pinhal (PR)",920,0,920,1,0,24.8,0.102,0.125333333,0.107666667,0.3,273.5932765,"other municipalities","Arabica"
"4122107","MU","Rio Bom (PR)",120,0,120,1,0,20.90555556,0.109333333,0.093333333,0.107333333,0.3,172.4328869,"other municipalities","Arabica"
"4122404","MU","Rolândia (PR)",1660,0,1660,1,0,27.41666667,0.074,0.072333333,0.061333333,0.3,352.1110154,"other municipalities","Arabica"
"4122503","MU","Roncador (PR)",25,0,25,1,0,17.46111111,0.205,0.209333333,0.134,0.3,167.7165978,"other municipalities","Arabica"
"4122602","MU","Rondon (PR)",100,0,100,1,0,14.95555556,0.08,0.054,0.037333333,0.3,390.2758197,"other municipalities","Arabica"
"4122701","MU","Sabáudia (PR)",160,0,160,1,0,23.52777778,0.072333333,0.059,0.024333333,0.3,524.4238389,"other municipalities","Arabica"
"4122909","MU","Salto do Itararé (PR)",791,0,791,1,0,29.62222222,0.067666667,0.089333333,0.074666667,0.3,206.0931237,"other municipalities","Arabica"
"4123105","MU","Santa Amélia (PR)",412,0,412,1,0,22.93888889,0.075333333,0.123,0.079333333,0.3,163.7938392,"other municipalities","Arabica"
"4123204","MU","Santa Cecília do Pavão (PR)",84,0,84,1,0,21.32777778,0.084333333,0.036333333,0.026666667,0.3,359.8609166,"other municipalities","Arabica"
"4123303","MU","Santa Cruz de Monte Castelo (PR)",30,0,30,1,0,9.261111111,0.047,0.021666667,0.072666667,0.3,606.4648494,"other municipalities","Arabica"
"4123402","MU","Santa Fé (PR)",171,0,171,1,0,23.1,0.054,0.046666667,0.02,0.3,446.2194889,"other municipalities","Arabica"
"4123600","MU","Santa Inês (PR)",6,0,6,1,0,26.70555556,0.023,0.009333333,0.016,0.3,684.6981499,"other municipalities","Arabica"
"4123709","MU","Santa Isabel do Ivaí (PR)",35,0,35,1,0,7.444444444,0.036,0.015333333,0.032666667,0.3,949.7549859,"other municipalities","Arabica"
"4123907","MU","Santa Mariana (PR)",620,0,620,1,0,23.44444444,0.078666667,0.078333333,0.054333333,0.3,336.3530196,"other municipalities","Arabica"
"4123956","MU","Santa Mônica (PR)",40,0,40,1,0,6.666666667,0.063333333,0.014,0.017333333,0.3,890.9164929,"other municipalities","Arabica"
"4124004","MU","Santana do Itararé (PR)",108,0,108,1,0,30.03888889,0.104333333,0.09,0.073333333,0.3,224.7733608,"other municipalities","Arabica"
"4124103","MU","Santo Antônio da Platina (PR)",1265,0,1265,1,0,30.75555556,0.060666667,0.059333333,0.05,0.3,289.7150235,"other municipalities","Arabica"
"4124202","MU","Santo Antônio do Caiuá (PR)",2,0,2,1,0,11.11111111,0.041666667,0.019,0.058666667,0.3,615.7506112,"other municipalities","Arabica"
"4124301","MU","Santo Antônio do Paraíso (PR)",28,0,28,1,0,21.76666667,0.129,0.08,0.031666667,0.3,251.8574648,"other municipalities","Arabica"
"4124509","MU","Santo Inácio (PR)",9,0,9,1,0,13.73888889,0.02,0.002666667,0.033666667,0.3,1046.558523,"other municipalities","Arabica"
"4124707","MU","São Jerônimo da Serra (PR)",1120,0,1120,1,0,24.30555556,0.230666667,0.133,0.085,0.3,203.5375469,"other municipalities","Arabica"
"4125001","MU","São João do Ivaí (PR)",120,0,120,1,0,16.90555556,0.032333333,0.045666667,0.052,0.3,387.687606,"other municipalities","Arabica"
"4125357","MU","São Jorge do Patrocínio (PR)",365,0,365,1,0,17.52222222,0.066,0.035,0.025666667,0.3,558.0050581,"other municipalities","Arabica"
"4125555","MU","São Manoel do Paraná (PR)",54,0,54,1,0,17.45,0.166666667,0.074666667,0.062333333,0.3,438.3037282,"other municipalities","Arabica"
"4125803","MU","São Pedro do Ivaí (PR)",30,0,30,1,0,16.85,0.079,0.073,0.011666667,0.3,360.7105939,"other municipalities","Arabica"
"4125902","MU","São Pedro do Paraná (PR)",60,0,60,1,0,9.722222222,0.033,0.029333333,0.024666667,0.3,684.7181013,"other municipalities","Arabica"
"4126009","MU","São Sebastião da Amoreira (PR)",66,0,66,1,0,21.68333333,0.081333333,0.051,0.041666667,0.3,546.5318491,"other municipalities","Arabica"
"4126108","MU","São Tomé (PR)",100,0,100,1,0,17.24444444,0.153,0.071,0.069666667,0.3,235.0949449,"other municipalities","Arabica"
"4126207","MU","Sapopema (PR)",190,0,190,1,0,22.24444444,0.243,0.252333333,0.152,0.3,121.2157459,"other municipalities","Arabica"
"4126256","MU","Sarandi (PR)",55,0,55,1,0,30.27777778,0.031,0.058666667,0.062,0.3,290.3784702,"other municipalities","Arabica"
"4126405","MU","Sertaneja (PR)",40,0,40,1,0,21.64444444,0.015333333,0.037,0.054,0.3,832.6288157,"other municipalities","Arabica"
"4126504","MU","Sertanópolis (PR)",130,0,130,1,0,25.15,0.059333333,0.054666667,0.042666667,0.3,357.2233477,"other municipalities","Arabica"
"4126603","MU","Siqueira Campos (PR)",1265,0,1265,1,0,29.92222222,0.076333333,0.072,0.049,0.3,243.7952471,"other municipalities","Arabica"
"4126678","MU","Tamarana (PR)",150,0,150,1,0,24.44444444,0.263,0.229333333,0.141,0.3,203.0286326,"other municipalities","Arabica"
"4126702","MU","Tamboara (PR)",155,0,155,1,0,30.57222222,0.060666667,0.043666667,0.019,0.3,546.2693589,"other municipalities","Arabica"
"4126801","MU","Tapejara (PR)",53,0,53,1,0,21.73333333,0.060666667,0.055666667,0.033,0.3,515.9769812,"other municipalities","Arabica"
"4126900","MU","Tapira (PR)",38,0,38,1,0,20.48888889,0.059666667,0.014666667,0.016666667,0.3,621.5985016,"other municipalities","Arabica"
"4127205","MU","Terra Boa (PR)",234,0,234,1,0,14.68333333,0.192333333,0.147,0.062333333,0.3,277.5680859,"other municipalities","Arabica"
"4127304","MU","Terra Rica (PR)",325,0,325,1,0,18.26111111,0.034333333,0.028333333,0.052,0.3,636.0019499,"other municipalities","Arabica"
"4127403","MU","Terra Roxa (PR)",150,0,150,1,0,26.11111111,0.061666667,0.047,0.068666667,0.3,323.5647982,"other municipalities","Arabica"
"4127809","MU","Tomazina (PR)",979,0,979,1,0,32.74444444,0.113666667,0.102666667,0.098,0.3,261.4683506,"other municipalities","Arabica"
"4127908","MU","Tuneiras do Oeste (PR)",75,0,75,1,0,16.83888889,0.160333333,0.057,0.017,0.3,659.3206123,"other municipalities","Arabica"
"4128104","MU","Umuarama (PR)",330,0,330,1,0,18.76111111,0.066,0.054,0.037333333,0.3,717.0762676,"other municipalities","Arabica"
"4128401","MU","Uraí (PR)",245,0,245,1,0,22.67222222,0.04,0.029333333,0.017333333,0.3,538.0993944,"other municipalities","Arabica"
"4128625","MU","Alto Paraíso (PR)",37,0,37,1,0,13.03888889,0.071333333,0.008333333,0.020666667,0.3,822.7667044,"other municipalities","Arabica"
"4128807","MU","Xambrê (PR)",75,0,75,1,0,12.84444444,0.031,0.026666667,0.038333333,0.3,420.7955082,"other municipalities","Arabica"
